-- MySQL dump 10.13  Distrib 8.0.44, for Linux (x86_64)
--
-- Host: localhost    Database: vacation_system
-- ------------------------------------------------------
-- Server version	8.0.44

/*!40101 SET @OLD_CHARACTER_SET_CLIENT=@@CHARACTER_SET_CLIENT */;
/*!40101 SET @OLD_CHARACTER_SET_RESULTS=@@CHARACTER_SET_RESULTS */;
/*!40101 SET @OLD_COLLATION_CONNECTION=@@COLLATION_CONNECTION */;
/*!50503 SET NAMES utf8mb4 */;
/*!40103 SET @OLD_TIME_ZONE=@@TIME_ZONE */;
/*!40103 SET TIME_ZONE='+00:00' */;
/*!40014 SET @OLD_UNIQUE_CHECKS=@@UNIQUE_CHECKS, UNIQUE_CHECKS=0 */;
/*!40014 SET @OLD_FOREIGN_KEY_CHECKS=@@FOREIGN_KEY_CHECKS, FOREIGN_KEY_CHECKS=0 */;
/*!40101 SET @OLD_SQL_MODE=@@SQL_MODE, SQL_MODE='NO_AUTO_VALUE_ON_ZERO' */;
/*!40111 SET @OLD_SQL_NOTES=@@SQL_NOTES, SQL_NOTES=0 */;

--
-- Table structure for table `alembic_version`
--

DROP TABLE IF EXISTS `alembic_version`;
/*!40101 SET @saved_cs_client     = @@character_set_client */;
/*!50503 SET character_set_client = utf8mb4 */;
CREATE TABLE `alembic_version` (
  `version_num` varchar(32) NOT NULL,
  PRIMARY KEY (`version_num`)
) ENGINE=InnoDB DEFAULT CHARSET=utf8mb4 COLLATE=utf8mb4_general_ci;
/*!40101 SET character_set_client = @saved_cs_client */;

--
-- Dumping data for table `alembic_version`
--

LOCK TABLES `alembic_version` WRITE;
/*!40000 ALTER TABLE `alembic_version` DISABLE KEYS */;
INSERT INTO `alembic_version` VALUES ('6b56716a0d2b');
/*!40000 ALTER TABLE `alembic_version` ENABLE KEYS */;
UNLOCK TABLES;

--
-- Table structure for table `area_restrictions`
--

DROP TABLE IF EXISTS `area_restrictions`;
/*!40101 SET @saved_cs_client     = @@character_set_client */;
/*!50503 SET character_set_client = utf8mb4 */;
CREATE TABLE `area_restrictions` (
  `id` int NOT NULL AUTO_INCREMENT,
  `area_name` varchar(100) NOT NULL,
  `allowed_months` varchar(50) NOT NULL,
  PRIMARY KEY (`id`),
  UNIQUE KEY `area_name` (`area_name`),
  KEY `ix_area_restrictions_id` (`id`)
) ENGINE=InnoDB DEFAULT CHARSET=utf8mb4 COLLATE=utf8mb4_general_ci;
/*!40101 SET character_set_client = @saved_cs_client */;

--
-- Dumping data for table `area_restrictions`
--

LOCK TABLES `area_restrictions` WRITE;
/*!40000 ALTER TABLE `area_restrictions` DISABLE KEYS */;
/*!40000 ALTER TABLE `area_restrictions` ENABLE KEYS */;
UNLOCK TABLES;

--
-- Table structure for table `holidays`
--

DROP TABLE IF EXISTS `holidays`;
/*!40101 SET @saved_cs_client     = @@character_set_client */;
/*!50503 SET character_set_client = utf8mb4 */;
CREATE TABLE `holidays` (
  `id` int NOT NULL AUTO_INCREMENT,
  `holiday_date` date NOT NULL,
  `name` varchar(200) DEFAULT NULL,
  `is_national` tinyint(1) DEFAULT NULL,
  `location` varchar(50) DEFAULT NULL,
  PRIMARY KEY (`id`)
) ENGINE=InnoDB AUTO_INCREMENT=53 DEFAULT CHARSET=utf8mb4 COLLATE=utf8mb4_general_ci;
/*!40101 SET character_set_client = @saved_cs_client */;

--
-- Dumping data for table `holidays`
--

LOCK TABLES `holidays` WRITE;
/*!40000 ALTER TABLE `holidays` DISABLE KEYS */;
INSERT INTO `holidays` VALUES (16,'2026-01-01','Año Nuevo',1,'GENERAL'),(17,'2026-04-02','Jueves Santo',1,'GENERAL'),(18,'2026-04-03','Viernes Santo',1,'GENERAL'),(19,'2026-05-01','Día del Trabajo',1,'GENERAL'),(20,'2026-05-23','Aniversario UAC',1,'GENERAL'),(21,'2026-06-04','Corpus Christi',1,'GENERAL'),(22,'2026-06-07','Día de la Bandera',1,'GENERAL'),(23,'2026-06-24','Inti Raymi',1,'GENERAL'),(24,'2026-06-29','San Pedro y San Pablo',1,'GENERAL'),(25,'2026-07-11','Día del Docente Universitario',1,'GENERAL'),(26,'2026-07-21','Día del Trabajador Universitario',1,'GENERAL'),(27,'2026-07-23','Día de la Fuerza Aérea',1,'GENERAL'),(28,'2026-07-28','Fiestas Patrias',1,'GENERAL'),(29,'2026-07-29','Fiestas Patrias',1,'GENERAL'),(30,'2026-08-06','Batalla de Junín',1,'GENERAL'),(31,'2026-08-30','Santa Rosa de Lima',1,'GENERAL'),(32,'2026-10-08','Combate de Angamos',1,'GENERAL'),(33,'2026-11-01','Todos los Santos',1,'GENERAL'),(34,'2026-11-02','Día de los Difuntos',1,'GENERAL'),(35,'2026-12-08','Inmaculada Concepción',1,'GENERAL'),(36,'2026-12-09','Batalla de Ayacucho',1,'GENERAL'),(37,'2026-12-24','Víspera de Navidad',1,'GENERAL'),(38,'2026-12-25','Navidad',1,'GENERAL'),(39,'2026-05-23','Aniversario Filial Puerto Maldonado',0,'P_MALDONADO'),(40,'2026-06-24','Día de San Juan',0,'P_MALDONADO'),(41,'2026-08-08','Festival de la Castaña',0,'P_MALDONADO'),(42,'2026-09-27','Festival Sine Do Dari',0,'P_MALDONADO'),(43,'2026-12-26','Creación Política Madre de Dios',0,'P_MALDONADO'),(44,'2026-07-25','Aniversario Prov. La Convención',0,'QUILLABAMBA'),(45,'2026-09-26','Aniversario Filial Quillabamba',0,'QUILLABAMBA'),(46,'2026-11-28','Aniv. Villa Quillabamba (Día 1)',0,'QUILLABAMBA'),(47,'2026-11-29','Aniv. Villa Quillabamba (Día 2)',0,'QUILLABAMBA'),(48,'2026-04-15','Aniversario Filial Sicuani',0,'SICUANI'),(49,'2026-10-14','Aniversario Prov. Canchis',0,'SICUANI'),(50,'2026-11-04','Aniversario Distrito Sicuani',0,'SICUANI'),(51,'2025-12-25','Feriado por navidad',1,'GENERAL'),(52,'2025-12-25','Feriado por navidad',1,'GENERAL');
/*!40000 ALTER TABLE `holidays` ENABLE KEYS */;
UNLOCK TABLES;

--
-- Table structure for table `modification_requests`
--

DROP TABLE IF EXISTS `modification_requests`;
/*!40101 SET @saved_cs_client     = @@character_set_client */;
/*!50503 SET character_set_client = utf8mb4 */;
CREATE TABLE `modification_requests` (
  `id` int NOT NULL AUTO_INCREMENT,
  `vacation_period_id` int DEFAULT NULL,
  `requesting_user_id` int DEFAULT NULL,
  `reason_text` text NOT NULL,
  `attached_doc_path` varchar(255) NOT NULL,
  `status` varchar(30) DEFAULT NULL,
  `created_at` datetime DEFAULT NULL,
  `new_start_date` date DEFAULT NULL,
  `new_period_type` int DEFAULT NULL,
  `new_end_date` date DEFAULT NULL,
  `new_days` int DEFAULT NULL,
  PRIMARY KEY (`id`),
  KEY `requesting_user_id` (`requesting_user_id`),
  KEY `vacation_period_id` (`vacation_period_id`),
  KEY `ix_modification_requests_id` (`id`),
  CONSTRAINT `modification_requests_ibfk_1` FOREIGN KEY (`requesting_user_id`) REFERENCES `users` (`id`),
  CONSTRAINT `modification_requests_ibfk_2` FOREIGN KEY (`vacation_period_id`) REFERENCES `vacation_periods` (`id`)
) ENGINE=InnoDB AUTO_INCREMENT=4 DEFAULT CHARSET=utf8mb4 COLLATE=utf8mb4_general_ci;
/*!40101 SET character_set_client = @saved_cs_client */;

--
-- Dumping data for table `modification_requests`
--

LOCK TABLES `modification_requests` WRITE;
/*!40000 ALTER TABLE `modification_requests` DISABLE KEYS */;
/*!40000 ALTER TABLE `modification_requests` ENABLE KEYS */;
UNLOCK TABLES;

--
-- Table structure for table `suspension_requests`
--

DROP TABLE IF EXISTS `suspension_requests`;
/*!40101 SET @saved_cs_client     = @@character_set_client */;
/*!50503 SET character_set_client = utf8mb4 */;
CREATE TABLE `suspension_requests` (
  `id` int NOT NULL AUTO_INCREMENT,
  `vacation_period_id` int DEFAULT NULL,
  `requesting_user_id` int DEFAULT NULL,
  `suspension_type` varchar(20) NOT NULL,
  `reason_text` text NOT NULL,
  `attached_doc_path` varchar(255) NOT NULL,
  `status` varchar(30) DEFAULT NULL,
  `created_at` datetime DEFAULT NULL,
  `new_end_date_parcial` date DEFAULT NULL,
  PRIMARY KEY (`id`),
  KEY `requesting_user_id` (`requesting_user_id`),
  KEY `vacation_period_id` (`vacation_period_id`),
  KEY `ix_suspension_requests_id` (`id`),
  CONSTRAINT `suspension_requests_ibfk_1` FOREIGN KEY (`requesting_user_id`) REFERENCES `users` (`id`),
  CONSTRAINT `suspension_requests_ibfk_2` FOREIGN KEY (`vacation_period_id`) REFERENCES `vacation_periods` (`id`)
) ENGINE=InnoDB AUTO_INCREMENT=9 DEFAULT CHARSET=utf8mb4 COLLATE=utf8mb4_general_ci;
/*!40101 SET character_set_client = @saved_cs_client */;

--
-- Dumping data for table `suspension_requests`
--

LOCK TABLES `suspension_requests` WRITE;
/*!40000 ALTER TABLE `suspension_requests` DISABLE KEYS */;
/*!40000 ALTER TABLE `suspension_requests` ENABLE KEYS */;
UNLOCK TABLES;

--
-- Table structure for table `system_config`
--

DROP TABLE IF EXISTS `system_config`;
/*!40101 SET @saved_cs_client     = @@character_set_client */;
/*!50503 SET character_set_client = utf8mb4 */;
CREATE TABLE `system_config` (
  `id` int NOT NULL AUTO_INCREMENT,
  `key` varchar(100) NOT NULL,
  `value` varchar(255) DEFAULT NULL,
  `description` text,
  PRIMARY KEY (`id`),
  UNIQUE KEY `ix_system_config_key` (`key`),
  KEY `ix_system_config_id` (`id`)
) ENGINE=InnoDB AUTO_INCREMENT=5 DEFAULT CHARSET=utf8mb4 COLLATE=utf8mb4_general_ci;
/*!40101 SET character_set_client = @saved_cs_client */;

--
-- Dumping data for table `system_config`
--

LOCK TABLES `system_config` WRITE;
/*!40000 ALTER TABLE `system_config` DISABLE KEYS */;
INSERT INTO `system_config` VALUES (1,'HOLIDAYS_COUNT','True','¿Feriados cuentan contra balance?'),(2,'FRIDAY_EXTENDS','True','¿Extender si termina viernes?'),(3,'ALLOW_START_ON_HOLIDAY','False','¿Permitir iniciar en feriado?'),(4,'ALLOW_START_ON_WEEKEND','False','¿Permitir iniciar en fin de semana?');
/*!40000 ALTER TABLE `system_config` ENABLE KEYS */;
UNLOCK TABLES;

--
-- Table structure for table `users`
--

DROP TABLE IF EXISTS `users`;
/*!40101 SET @saved_cs_client     = @@character_set_client */;
/*!50503 SET character_set_client = utf8mb4 */;
CREATE TABLE `users` (
  `id` int NOT NULL AUTO_INCREMENT,
  `username` varchar(50) NOT NULL,
  `full_name` varchar(120) DEFAULT NULL,
  `email` varchar(120) DEFAULT NULL,
  `role` varchar(20) DEFAULT NULL,
  `area` varchar(120) DEFAULT NULL,
  `created_at` datetime DEFAULT NULL,
  `vacation_days_total` int DEFAULT NULL,
  `manager_id` int DEFAULT NULL,
  `vacation_policy_id` int DEFAULT NULL,
  `location` varchar(50) DEFAULT NULL,
  `can_request_own_vacation` tinyint(1) DEFAULT NULL,
  PRIMARY KEY (`id`),
  UNIQUE KEY `ix_users_username` (`username`),
  UNIQUE KEY `ix_users_email` (`email`),
  KEY `ix_users_id` (`id`),
  KEY `manager_id` (`manager_id`),
  KEY `vacation_policy_id` (`vacation_policy_id`),
  CONSTRAINT `users_ibfk_1` FOREIGN KEY (`manager_id`) REFERENCES `users` (`id`),
  CONSTRAINT `users_ibfk_2` FOREIGN KEY (`vacation_policy_id`) REFERENCES `vacation_policies` (`id`)
) ENGINE=InnoDB AUTO_INCREMENT=2507 DEFAULT CHARSET=utf8mb4 COLLATE=utf8mb4_general_ci;
/*!40101 SET character_set_client = @saved_cs_client */;

--
-- Dumping data for table `users`
--

LOCK TABLES `users` WRITE;
/*!40000 ALTER TABLE `users` DISABLE KEYS */;
INSERT INTO `users` VALUES (2229,'mleon','LEON MORALES MARISELA','mleon@uandina.edu.pe','employee','BIBLIOTECA ESCUELA DE POSGRADO','2025-11-19 15:21:45',30,2230,NULL,NULL,NULL),(2230,'ctamayo','TAMAYO VARGAS CARLOS MAXIMO','ctamayo@uandina.edu.pe','manager','BIBLIOTECA ESCUELA DE POSGRADO','2025-11-19 15:21:45',30,NULL,NULL,NULL,NULL),(2231,'nhurtado','HURTADO ARANA NANCY','nhurtado@uandina.edu.pe','employee','BIBLIOTECA FACULTAD DE CIENCIAS ECONOMICAS ADMINISTRATIVAS Y CONTABLES','2025-11-19 15:21:45',30,2230,NULL,NULL,NULL),(2232,'yquispel','QUISPE LLIHUAC YESSICA','yquispel@uandina.edu.pe','employee','BIBLIOTECA FACULTAD DE CIENCIAS ECONOMICAS ADMINISTRATIVAS Y CONTABLES','2025-11-19 15:21:45',30,2230,NULL,NULL,NULL),(2233,'sponcedeleon','PONCE DE LEON GUTIERREZ SILVIA FELICIDAD','sponcedeleon@uandina.edu.pe','employee','BIBLIOTECA FACULTAD DE CIENCIAS SOCIALES Y EDUCACION','2025-11-19 15:21:45',30,2230,NULL,NULL,NULL),(2234,'lorue','ORUE ESPINOZA LIDA HERMELINDA','lorue@uandina.edu.pe','employee','BIBLIOTECA FACULTAD DE INGENIERIA Y ARQUITECTURA','2025-11-19 15:21:45',30,2230,NULL,NULL,NULL),(2235,'darroyo','ARROYO VARGAS DANIEL','darroyo@uandina.edu.pe','employee','BIOTERIO AUTOMATIZADO','2025-11-19 15:21:45',30,2236,NULL,NULL,NULL),(2236,'gdelcastillo','DEL CASTILLO ESTRADA GARETH','gdelcastillo@uandina.edu.pe','manager','BIOTERIO AUTOMATIZADO','2025-11-19 15:21:45',30,NULL,NULL,NULL,NULL),(2237,'rmirandaa','MIRANDA ARONES ROSA MELISSA','rmirandaa@uandina.edu.pe','employee','CENTRO DE IDIOMAS','2025-11-19 15:21:45',30,2238,NULL,NULL,NULL),(2238,'ldelpozo','DEL POZO AEDO LITA','ldelpozo@uandina.edu.pe','manager','CENTRO DE IDIOMAS','2025-11-19 15:21:45',30,NULL,NULL,NULL,NULL),(2239,'fmunoz','MUÃ‘OZ ARAGON FLOR DE MARIA','fmunoz@uandina.edu.pe','employee','CENTRO DE SALUD INTEGRAL','2025-11-19 15:21:45',30,2240,NULL,NULL,NULL),(2240,'grojas','ROJAS SALAS GLADIS EDITH','grojas@uandina.edu.pe','manager','CENTRO DE SALUD INTEGRAL','2025-11-19 15:21:45',30,NULL,NULL,NULL,NULL),(2241,'hsantos','SANTOS PEREIRA HEIDI','hsantos@uandina.edu.pe','employee','CENTRO DE SALUD INTEGRAL','2025-11-19 15:21:45',30,2240,NULL,NULL,NULL),(2242,'csequeirosc','SEQUEIROS CUBA CARLOS EDUARDO','csequeirosc@uandina.edu.pe','employee','CENTRO DE SALUD INTEGRAL','2025-11-19 15:21:45',30,2240,NULL,NULL,NULL),(2243,'sccayavillca','CCAYAVILLCA MANOTTUPA SADIT LUCERO','sccayavillca@uandina.edu.pe','employee','CENTRO ESTOMATOLOGICO UNIVERSITARIO LUIS VALLEJOS SANTONI','2025-11-19 15:21:45',30,2244,NULL,NULL,NULL),(2244,'elonga','LONGA RAMOS EDUARDO JOSE','elonga@uandina.edu.pe','manager','CENTRO ESTOMATOLOGICO UNIVERSITARIO LUIS VALLEJOS SANTONI','2025-11-19 15:21:45',30,NULL,NULL,NULL,NULL),(2245,'mestrada','ESTRADA RODRIGUEZ MARGARITA','mestrada@uandina.edu.pe','employee','CENTRO ESTOMATOLOGICO UNIVERSITARIO LUIS VALLEJOS SANTONI','2025-11-19 15:21:45',30,2244,NULL,NULL,NULL),(2246,'plopinta','LOPINTA RUIZ POLICARPO','plopinta@uandina.edu.pe','employee','CENTRO ESTOMATOLOGICO UNIVERSITARIO LUIS VALLEJOS SANTONI','2025-11-19 15:21:45',30,2244,NULL,NULL,NULL),(2247,'rpari','PARI LLALLA RODOLFO','rpari@uandina.edu.pe','employee','CENTRO ESTOMATOLOGICO UNIVERSITARIO LUIS VALLEJOS SANTONI','2025-11-19 15:21:45',30,2244,NULL,NULL,NULL),(2248,'rruiz','RUIZ LUIS ROGER','rruiz@uandina.edu.pe','employee','CENTRO ESTOMATOLOGICO UNIVERSITARIO LUIS VALLEJOS SANTONI','2025-11-19 15:21:45',30,2244,NULL,NULL,NULL),(2249,'kgutierrez','GUTIERREZ DEL ARROYO KATIA EVANGELINA','kgutierrez@uandina.edu.pe','employee','COMITE ELECTORAL UNIVERSITARIO Y TRIBUNAL DE HONOR','2025-11-19 15:21:45',30,2250,NULL,NULL,NULL),(2250,'hcallo','CALLO SANCHEZ HERMINIA','hcallo@uandina.edu.pe','manager','COMITE ELECTORAL UNIVERSITARIO Y TRIBUNAL DE HONOR','2025-11-19 15:21:45',30,NULL,NULL,NULL,NULL),(2251,'jcutipa','CUTIPA HUAMAN JUAN FRANCISCO','jcutipa@uandina.edu.pe','employee','COORDINACION DE BIBLIOTECA','2025-11-19 15:21:45',30,2230,NULL,NULL,NULL),(2252,'tochoa','OCHOA SANCHEZ TOMAS','tochoa@uandina.edu.pe','employee','COORDINACION DE BIBLIOTECA','2025-11-19 15:21:45',30,2230,NULL,NULL,NULL),(2253,'josorio','OSORIO MAYTA JOSE','josorio@uandina.edu.pe','employee','COORDINACION DE BIBLIOTECA','2025-11-19 15:21:45',30,2230,NULL,NULL,NULL),(2254,'cvera','VERA DIAZ CRISTINA','cvera@uandina.edu.pe','employee','COORDINACION DE BIBLIOTECA','2025-11-19 15:21:45',30,2230,NULL,NULL,NULL),(2255,'cvaldeiglesias','VALDEIGLESIAS PACHECO CLAUDIA SOFIA','cvaldeiglesias@uandina.edu.pe','employee','COORDINACION DE FOMENTO DE LA INVESTIGACION','2025-11-19 15:21:45',30,2256,NULL,NULL,NULL),(2256,'lchihuantito','CHIHUANTITO ABAL LUIS ALBERTO','lchihuantito@uandina.edu.pe','manager','COORDINACION DE FOMENTO DE LA INVESTIGACION','2025-11-19 15:21:45',30,NULL,NULL,NULL,NULL),(2257,'ivera','VERA PAUCAR IVAN','ivera@uandina.edu.pe','employee','COORDINACION DE GESTION CON LA SUNEDU','2025-11-19 15:21:45',30,2258,NULL,NULL,NULL),(2258,'scabreram','CABRERA MARQUEZ SARA','scabreram@uandina.edu.pe','manager','COORDINACION DE GESTION CON LA SUNEDU','2025-11-19 15:21:45',30,NULL,NULL,NULL,NULL),(2259,'jpanti','PANTI CARRION JANET','jpanti@uandina.edu.pe','employee','COORDINACION DEL CENTRO PRE UNIVERSITARIO DE CONSOLIDACION DEL PERFIL DEL INGRESANTE CPCPI','2025-11-19 15:21:45',30,2260,NULL,NULL,NULL),(2260,'asuyo','SUYO CAPARO AQUILES','asuyo@uandina.edu.pe','manager','COORDINACION DEL CENTRO PRE UNIVERSITARIO DE CONSOLIDACION DEL PERFIL DEL INGRESANTE CPCPI','2025-11-19 15:21:45',30,NULL,NULL,NULL,NULL),(2261,'achevarria','CHEVARRIA MORILLO ANA MARIA','achevarria@uandina.edu.pe','employee','VICERRECTORADO ADMINISTRATIVO','2025-11-19 15:21:45',30,2262,NULL,'CUSCO',0),(2262,'fendara','ENDARA MAMANI FORTUNATO','fendara@uandina.edu.pe','manager','VICERRECTORADO ADMINISTRATIVO','2025-11-19 15:21:45',30,NULL,NULL,'CUSCO',0),(2263,'fhuanca','HUANCA FERRO FIDEL','fhuanca@uandina.edu.pe','employee','DECANATO DE LA FACULTAD DE CIENCIAS ECONOMICAS ADMINISTRATIVAS Y CONTABLES','2025-11-19 15:21:45',30,2264,1,'CUSCO',0),(2264,'rmarino','MARIÃ‘O LOAIZA RUBEN TITO','rmarino@uandina.edu.pe','manager','DECANATO DE LA FACULTAD DE CIENCIAS ECONOMICAS ADMINISTRATIVAS Y CONTABLES','2025-11-19 15:21:45',30,NULL,NULL,NULL,NULL),(2265,'lmiranda','MIRANDA OVIEDO LOURDES EVA','lmiranda@uandina.edu.pe','employee','DECANATO DE LA FACULTAD DE CIENCIAS ECONOMICAS ADMINISTRATIVAS Y CONTABLES','2025-11-19 15:21:45',30,2264,1,'CUSCO',0),(2266,'humeres','UMERES CONDORI HERMOGENES','humeres@uandina.edu.pe','employee','DECANATO DE LA FACULTAD DE CIENCIAS Y HUMANIDADES','2025-11-19 15:21:45',30,2267,1,'CUSCO',0),(2267,'afloresc','FLORES CONTRERAS AYDEE','afloresc@uandina.edu.pe','manager','DECANATO DE LA FACULTAD DE CIENCIAS Y HUMANIDADES','2025-11-19 15:21:45',30,NULL,NULL,NULL,NULL),(2268,'kcallo','CALLO MARIN KATIA ESTELA','kcallo@uandina.edu.pe','employee','DECANATO DE LA FACULTAD DE DERECHO Y CIENCIA POLITICA','2025-11-19 15:21:45',30,2269,1,'CUSCO',0),(2269,'uballadares','BALLADARES APARICIO URIEL','uballadares@uandina.edu.pe','manager','DECANATO DE LA FACULTAD DE DERECHO Y CIENCIA POLITICA','2025-11-19 15:21:45',30,NULL,NULL,NULL,NULL),(2270,'grodriguez','RODRIGUEZ SOTO GUSTAVO','grodriguez@uandina.edu.pe','employee','DECANATO DE LA FACULTAD DE INGENIERIA Y ARQUITECTURA','2025-11-19 15:21:45',30,2271,NULL,NULL,NULL),(2271,'cganvini','GANVINI VALCARCEL CRISTHIAN EDUARDO','cganvini@uandina.edu.pe','manager','DECANATO DE LA FACULTAD DE INGENIERIA Y ARQUITECTURA','2025-11-19 15:21:45',30,NULL,NULL,NULL,NULL),(2272,'mvergara','VERGARA OBADA MARISELA','mvergara@uandina.edu.pe','employee','DEFENSORIA UNIVERSITARIA','2025-11-19 15:21:45',30,2273,NULL,NULL,NULL),(2273,'avengoa','VENGOA ZUÃ‘IGA ANTONIO FREDY','avengoa@uandina.edu.pe','manager','DEFENSORIA UNIVERSITARIA','2025-11-19 15:21:45',30,NULL,NULL,NULL,NULL),(2274,'mrossello','ROSSELLO PONCE DE LEON MARIA DEL CARMEN','mrossello@uandina.edu.pe','employee','DEPARTAMENTO ACADEMICO DE ADMINISTRACION','2025-11-19 15:21:45',30,2275,1,'CUSCO',0),(2275,'respinoza','ESPINOZA SANCHEZ RAIMUNDO','respinoza@uandina.edu.pe','manager','DEPARTAMENTO ACADEMICO DE ADMINISTRACION','2025-11-19 15:21:45',30,NULL,NULL,NULL,NULL),(2276,'jcalsin','CALSIN HUMPIRI JACQUELINE GERALDINE','jcalsin@uandina.edu.pe','employee','DEPARTAMENTO ACADEMICO DE EDUCACION','2025-11-19 15:21:45',30,2250,1,'CUSCO',0),(2277,'rrojasg','ROJAS GORVENIA REYNALDO VALENTIN','rrojasg@uandina.edu.pe','employee','DEPARTAMENTO ACADEMICO DE ESTOMATOLOGIA','2025-11-19 15:21:45',30,2278,1,'CUSCO',0),(2278,'aherrera','HERRERA OSORIO ALHI JORDAN','aherrera@uandina.edu.pe','manager','DEPARTAMENTO ACADEMICO DE ESTOMATOLOGIA','2025-11-19 15:21:45',30,NULL,NULL,NULL,NULL),(2279,'cgutierrez','GUTIERREZ CAMPANA CORINA','cgutierrez@uandina.edu.pe','employee','DEPARTAMENTO ACADEMICO DE INGENIERIA CIVIL','2025-11-19 15:21:45',30,2280,1,'CUSCO',0),(2280,'rmerinoy','MERINO YEPEZ ROBERT MILTON','rmerinoy@uandina.edu.pe','manager','DEPARTAMENTO ACADEMICO DE INGENIERIA CIVIL','2025-11-19 15:21:45',30,NULL,NULL,NULL,NULL),(2281,'lcaceres','CACERES AGUILAR LIZBELY','lcaceres@uandina.edu.pe','employee','DEPARTAMENTO ACADEMICO DE INGENIERIA DE SISTEMAS','2025-11-19 15:21:45',30,2282,1,'CUSCO',0),(2282,'mmarca','MARCA AIMA MONICA','mmarca@uandina.edu.pe','manager','DEPARTAMENTO ACADEMICO DE INGENIERIA DE SISTEMAS','2025-11-19 15:21:45',30,NULL,NULL,NULL,NULL),(2283,'tzeballos','ZEBALLOS CHAVEZ TERESA','tzeballos@uandina.edu.pe','employee','DEPARTAMENTO ACADEMICO DE INGENIERIA INDUSTRIAL','2025-11-19 15:21:45',30,2284,1,'CUSCO',0),(2284,'jvillasante','VILLASANTE LINDO JULIO ALBERTO','jvillasante@uandina.edu.pe','manager','DEPARTAMENTO ACADEMICO DE INGENIERIA INDUSTRIAL','2025-11-19 15:21:45',30,NULL,NULL,NULL,NULL),(2285,'lcaceresv','CACERES VILLAFUERTE LISBETH','lcaceresv@uandina.edu.pe','employee','DEPARTAMENTO ACADEMICO DE MATEMATICA FISICA QUIMICA Y ESTADISTICA','2025-11-19 15:21:45',30,2286,1,'CUSCO',0),(2286,'rsegovia','SEGOVIA SOTO ROBERTO','rsegovia@uandina.edu.pe','manager','DEPARTAMENTO ACADEMICO DE MATEMATICA FISICA QUIMICA Y ESTADISTICA','2025-11-19 15:21:45',30,NULL,NULL,NULL,NULL),(2287,'kaguilar','AGUILAR JALIRI KELLY','kaguilar@uandina.edu.pe','employee','DEPARTAMENTO ACADEMICO DE MEDICINA HUMANA','2025-11-19 15:21:45',30,2288,1,'CUSCO',0),(2288,'crivas','RIVAS ACHAHUI CRISTABEL NILDA','crivas@uandina.edu.pe','manager','DEPARTAMENTO ACADEMICO DE MEDICINA HUMANA','2025-11-19 15:21:45',30,NULL,NULL,NULL,NULL),(2289,'lsalas','SALAS OYOLA LUISA KYLE','lsalas@uandina.edu.pe','employee','DEPARTAMENTO ACADEMICO DE OBSTETRICIA Y ENFERMERIA','2025-11-19 15:21:45',30,2290,1,'CUSCO',0),(2290,'rsotob','SOTO BRINGAS ROSARIO ISABEL','rsotob@uandina.edu.pe','manager','DEPARTAMENTO ACADEMICO DE OBSTETRICIA Y ENFERMERIA','2025-11-19 15:21:45',30,NULL,NULL,NULL,NULL),(2291,'fmayorga','MAYORGA GAVANCHO FANNY','fmayorga@uandina.edu.pe','employee','DEPARTAMENTO ACADEMICO DE PSICOLOGIA','2025-11-19 15:21:45',30,2292,1,'CUSCO',0),(2292,'gtorres','TORRES CASTILLO GUIDO AMERICO','gtorres@uandina.edu.pe','manager','DEPARTAMENTO ACADEMICO DE PSICOLOGIA','2025-11-19 15:21:45',30,NULL,NULL,NULL,NULL),(2293,'paviles','AVILES FERRO PERCY WENCESLAO','paviles@uandina.edu.pe','employee','DEPARTAMENTO ACADEMICO DE TURISMO','2025-11-19 15:21:45',30,2294,1,'CUSCO',0),(2294,'fvalderrama','VALDERRAMA VIZCARRA FRINE','fvalderrama@uandina.edu.pe','manager','DEPARTAMENTO ACADEMICO DE TURISMO','2025-11-19 15:21:45',30,NULL,NULL,NULL,NULL),(2295,'ychacon','CHACON DELGADO YEN','ychacon@uandina.edu.pe','employee','DIRECCION DE BIBLIOTECA','2025-11-19 15:21:45',30,2230,NULL,NULL,NULL),(2296,'afernandezl','FERNANDEZ LA ROSA ALESSANDRO','afernandezl@uandina.edu.pe','admin','DIRECCION DE RECURSOS HUMANOS','2025-11-19 15:21:45',30,NULL,NULL,NULL,NULL),(2297,'rhumanos','RECURSOS HUMANOS','rhumanos@uandina.edu.pe','hr','DIRECCION DE RECURSOS HUMANOS','2025-11-19 15:21:45',30,2296,NULL,NULL,NULL),(2298,'jarmintao','ARMINTA OCHOA JESUS KENYO','jarmintao@uandina.edu.pe','employee','UNIDAD DE CONTROL DESARROLLO HUMANO Y ESCALAFON','2025-11-19 15:21:45',30,2299,NULL,NULL,NULL),(2299,'nporcel','PORCEL GUZMAN NERY','nporcel@uandina.edu.pe','manager','UNIDAD DE CONTROL DESARROLLO HUMANO Y ESCALAFON','2025-11-19 15:21:45',30,NULL,NULL,NULL,NULL),(2300,'omendoza','MENDOZA QUISPE OLIVER SANTIAGO','omendoza@uandina.edu.pe','employee','DIRECCION DE TECNOLOGIAS DE LA INFORMACION','2025-11-19 15:21:45',30,2301,NULL,NULL,NULL),(2301,'macurio','ACURIO GUTIERREZ MARIA ISABEL','macurio@uandina.edu.pe','manager','DIRECCION DE TECNOLOGIAS DE LA INFORMACION','2025-11-19 15:21:45',30,NULL,NULL,NULL,NULL),(2302,'mcavero','CAVERO CARDENAS MARIA ELENA','mcavero@uandina.edu.pe','employee','DIRECCION DE ADMINISTRACION','2025-11-19 15:21:45',30,2303,NULL,NULL,NULL),(2303,'fphilco','PHILCO PRADO FERNANDO','fphilco@uandina.edu.pe','manager','DIRECCION DE ADMINISTRACION','2025-11-19 15:21:45',30,NULL,NULL,NULL,NULL),(2304,'cfarfan','FARFAN RODRIGUEZ CARMEN','cfarfan@uandina.edu.pe','employee','DIRECCION DE ADMINISTRACION','2025-11-19 15:21:45',30,2303,NULL,NULL,NULL),(2305,'lsamanez','SAMANEZ DEL CASTILLO LOURDES ROSSANA','lsamanez@uandina.edu.pe','employee','DIRECCION DE ADMISION Y CENTRO PREUNIVERSITARIO','2025-11-19 15:21:45',30,2306,NULL,NULL,NULL),(2306,'achuquimia','CHUQUIMIA HURTADO ARTURO','achuquimia@uandina.edu.pe','manager','DIRECCION DE ADMISION Y CENTRO PREUNIVERSITARIO','2025-11-19 15:21:45',30,NULL,NULL,NULL,NULL),(2307,'ljuro','JURO SORIA LUZ FLORHINDA','ljuro@uandina.edu.pe','employee','DIRECCION DE BIENESTAR UNIVERSITARIO','2025-11-19 15:21:45',30,2308,NULL,NULL,NULL),(2308,'crojas','ROJAS PARIONA CARMEN ROSA','crojas@uandina.edu.pe','manager','DIRECCION DE BIENESTAR UNIVERSITARIO','2025-11-19 15:21:45',30,NULL,NULL,NULL,NULL),(2309,'bordonez','ORDOÃ‘EZ SANTISTEBAN BLANCA DELINA','bordonez@uandina.edu.pe','employee','DIRECCION DE CALIDAD ACADEMICA Y ACREDITACION UNIVERSITARIA','2025-11-19 15:21:45',30,2310,NULL,NULL,NULL),(2310,'rtorre','TORRE RUEDA ROSAURA','rtorre@uandina.edu.pe','manager','DIRECCION DE CALIDAD ACADEMICA Y ACREDITACION UNIVERSITARIA','2025-11-19 15:21:45',30,NULL,NULL,NULL,NULL),(2311,'equisperroca','QUISPERROCA SALCEDO EDSON GREGORIO','equisperroca@uandina.edu.pe','employee','DIRECCION DE CALIDAD ACADEMICA Y ACREDITACION UNIVERSITARIA','2025-11-19 15:21:45',30,2310,NULL,NULL,NULL),(2312,'jflorez','FLOREZ CHOQUEHUANCA JENNY SOLEDAD','jflorez@uandina.edu.pe','employee','DIRECCION DE DESARROLLO ACADEMICO','2025-11-19 15:21:45',30,2313,NULL,NULL,NULL),(2313,'wcolque','COLQUE CANDIA WILBERT','wcolque@uandina.edu.pe','manager','DIRECCION DE DESARROLLO ACADEMICO','2025-11-19 15:21:45',30,NULL,NULL,NULL,NULL),(2314,'ncasafranca','CASAFRANCA VILLACORTA NILTON','ncasafranca@uandina.edu.pe','employee','DIRECCION DE GESTION DE LA INVESTIGACION Y DE LA PRODUCCION INTELECTUAL','2025-11-19 15:21:45',30,2256,NULL,NULL,NULL),(2315,'pvaldeiglesias','VALDEIGLESIAS QUISPE PAVEL','pvaldeiglesias@uandina.edu.pe','employee','DIRECCION DE LA ESCUELA DE POSGRADO','2025-11-19 15:21:45',30,2316,NULL,NULL,NULL),(2316,'ymasias','MASIAS YNOCENCIO YSABEL','ymasias@uandina.edu.pe','manager','DIRECCION DE LA ESCUELA DE POSGRADO','2025-11-19 15:21:45',30,NULL,NULL,NULL,NULL),(2317,'tvaldivia','VALDIVIA PAZ TERESA FRANCHESCA','tvaldivia@uandina.edu.pe','employee','DIRECCION DE LA ESCUELA DE POSGRADO','2025-11-19 15:21:45',30,2316,NULL,NULL,NULL),(2318,'kwilson','WILSON ARAMBURU KATTHERINE','kwilson@uandina.edu.pe','employee','DIRECCION DE LA ESCUELA PROFESIONAL DE ADMINISTRACION','2025-11-19 15:21:45',30,2319,1,'CUSCO',0),(2319,'mgamio','GAMIO VEGA CENTENO MARIA ROSA','mgamio@uandina.edu.pe','manager','DIRECCION DE LA ESCUELA PROFESIONAL DE ADMINISTRACION','2025-11-19 15:21:45',30,NULL,NULL,NULL,NULL),(2320,'augarte','UGARTE HUAMAN ARLIN KIMBERLY','augarte@uandina.edu.pe','employee','DIRECCION DE LA ESCUELA PROFESIONAL DE ADMINISTRACION DE NEGOCIOS INTERNACIONALES','2025-11-19 15:21:45',30,2321,1,'CUSCO',0),(2321,'jvalenciav','VALENCIA VILA JOSE LUIS','jvalenciav@uandina.edu.pe','manager','DIRECCION DE LA ESCUELA PROFESIONAL DE ADMINISTRACION DE NEGOCIOS INTERNACIONALES','2025-11-19 15:21:45',30,NULL,NULL,NULL,NULL),(2322,'sfarfan','FARFAN DURAND SONIA','sfarfan@uandina.edu.pe','employee','DIRECCION DE LA ESCUELA PROFESIONAL DE ARQUITECTURA','2025-11-19 15:21:45',30,2323,1,'CUSCO',0),(2323,'calfaro','ALFARO AUCCA CRAYLA','calfaro@uandina.edu.pe','manager','DIRECCION DE LA ESCUELA PROFESIONAL DE ARQUITECTURA','2025-11-19 15:21:45',30,NULL,NULL,NULL,NULL),(2324,'yrojasa','ROJAS ARIZA YESSICA','yrojasa@uandina.edu.pe','employee','DIRECCION DE LA ESCUELA PROFESIONAL DE CONTABILIDAD','2025-11-19 15:21:45',30,2325,1,'CUSCO',0),(2325,'equisper01','QUISPE RAMOS ESTELA','equisper01@uandina.edu.pe','manager','DIRECCION DE LA ESCUELA PROFESIONAL DE CONTABILIDAD','2025-11-19 15:21:45',30,NULL,NULL,NULL,NULL),(2326,'bmejia','MEJIA CHACON BETSI GIANELLA','bmejia@uandina.edu.pe','employee','DIRECCION DE LA ESCUELA PROFESIONAL DE ESTOMATOLOGIA','2025-11-19 15:21:45',30,2327,1,'CUSCO',0),(2327,'avaler','VALER CONTRERAS AIDA','avaler@uandina.edu.pe','manager','DIRECCION DE LA ESCUELA PROFESIONAL DE ESTOMATOLOGIA','2025-11-19 15:21:45',30,NULL,NULL,NULL,NULL),(2328,'mcabrera','CABRERA ARREDONDO MARIA ELENA','mcabrera@uandina.edu.pe','employee','DIRECCION DE LA ESCUELA PROFESIONAL DE INGENIERIA AMBIENTAL','2025-11-19 15:21:45',30,2329,1,'CUSCO',0),(2329,'kgarces','GARCES PORRAS KAREN MELISSA','kgarces@uandina.edu.pe','manager','DIRECCION DE LA ESCUELA PROFESIONAL DE INGENIERIA AMBIENTAL','2025-11-19 15:21:45',30,NULL,NULL,NULL,NULL),(2330,'alovon','LOVON BAUTISTA ABELARDO','alovon@uandina.edu.pe','employee','DIRECCION DE LA ESCUELA PROFESIONAL DE INGENIERIA CIVIL','2025-11-19 15:21:45',30,2331,1,'CUSCO',0),(2331,'epezo','PEZO ZEGARRA ELIOT','epezo@uandina.edu.pe','manager','DIRECCION DE LA ESCUELA PROFESIONAL DE INGENIERIA CIVIL','2025-11-19 15:21:45',30,NULL,NULL,NULL,NULL),(2332,'kdelgado','DELGADO ANDIA KATIA MARIETTA','kdelgado@uandina.edu.pe','employee','DIRECCION DE LA ESCUELA PROFESIONAL DE PSICOLOGIA','2025-11-19 15:21:45',30,2333,1,'CUSCO',0),(2333,'ycastro','CASTRO VARGAS YANET','ycastro@uandina.edu.pe','manager','DIRECCION DE LA ESCUELA PROFESIONAL DE PSICOLOGIA','2025-11-19 15:21:45',30,NULL,NULL,NULL,NULL),(2334,'cnoa','NOA OLAGUIBEL CLORINDA','cnoa@uandina.edu.pe','employee','FILIAL SICUANI','2025-11-19 15:21:45',30,2335,NULL,'SICUANI',NULL),(2335,'eaco','ACO CORRALES EDER ARTURO','eaco@uandina.edu.pe','manager','FILIAL SICUANI','2025-11-19 15:21:45',30,NULL,NULL,'SICUANI',NULL),(2336,'eolivera','OLIVERA FUENTES EDWIN','eolivera@uandina.edu.pe','employee','DIRECCION DE PLANIFICACION Y DESARROLLO UNIVERSITARIO','2025-11-19 15:21:45',30,2337,NULL,NULL,NULL),(2337,'rcastrop','CASTRO PONCE DE LEON RICARDO','rcastrop@uandina.edu.pe','manager','DIRECCION DE PLANIFICACION Y DESARROLLO UNIVERSITARIO','2025-11-19 15:21:45',30,NULL,NULL,NULL,NULL),(2338,'flucana','LUCANA VASQUEZ FLORA','flucana@uandina.edu.pe','employee','DIRECCION DE RECURSOS HUMANOS','2025-11-19 15:21:45',30,2299,NULL,NULL,NULL),(2339,'mnavarro','NAVARRO MIRANDA MARIA ENRIQUETA','mnavarro@uandina.edu.pe','employee','DIRECCION DE RESPONSABILIDAD SOCIAL Y EXTENSION UNIVERSITARIA','2025-11-19 15:21:45',30,2340,NULL,NULL,NULL),(2340,'jdelgadoo','DELGADO OBANDO JANNETTE','jdelgadoo@uandina.edu.pe','manager','DIRECCION DE RESPONSABILIDAD SOCIAL Y EXTENSION UNIVERSITARIA','2025-11-19 15:21:45',30,NULL,NULL,NULL,NULL),(2341,'garostegui','AROSTEGUI ARAGON GIAN CARLO','garostegui@uandina.edu.pe','employee','DIRECCION DE SERVICIOS ACADEMICOS','2025-11-19 15:21:45',30,2342,NULL,NULL,NULL),(2342,'hgonzalesc','GONZALES CONDORI HARRY YEISON','hgonzalesc@uandina.edu.pe','manager','DIRECCION DE SERVICIOS ACADEMICOS','2025-11-19 15:21:45',30,NULL,NULL,NULL,NULL),(2343,'bgarcia','GARCIA VIGIL BETZABETH ROSA','bgarcia@uandina.edu.pe','employee','DIRECCION DE SERVICIOS ACADEMICOS','2025-11-19 15:21:45',30,2342,NULL,NULL,NULL),(2344,'ijimeneza','JIMENEZ ARRIAGA INGRID','ijimeneza@uandina.edu.pe','employee','DIRECCION DE TECNOLOGIAS DE INFORMACION','2025-11-19 15:21:45',30,2301,NULL,NULL,NULL),(2345,'jloo','LOO FIGUEROA JUAN JESUS','jloo@uandina.edu.pe','employee','DIRECCION DE TECNOLOGIAS DE INFORMACION','2025-11-19 15:21:45',30,2301,NULL,NULL,NULL),(2346,'jlucanap','LUCANA PONCE DE LEON ELVIS JOEL','jlucanap@uandina.edu.pe','employee','DIRECCION DE TECNOLOGIAS DE INFORMACION','2025-11-19 15:21:45',30,2301,NULL,NULL,NULL),(2347,'jmamanic','MAMANI CANAHUIRE JHON DANY','jmamanic@uandina.edu.pe','employee','DIRECCION DE TECNOLOGIAS DE INFORMACION','2025-11-19 15:21:45',30,2301,NULL,NULL,NULL),(2348,'bsilva','SILVA DE VARGAS BERTHA','bsilva@uandina.edu.pe','employee','DIRECCION DE DEPORTE','2025-11-19 15:21:45',30,2349,NULL,NULL,NULL),(2349,'cherreram','HERRERA MENENDEZ CESAR ENRIQUE','cherreram@uandina.edu.pe','manager','DIRECCION DE DEPORTE','2025-11-19 15:21:45',30,NULL,NULL,NULL,NULL),(2350,'ipacheco','PACHECO CARDENAS INDIRA GIULIANA','ipacheco@uandina.edu.pe','employee','DIRECCION DE LA ESCUELA DE POSGRADO','2025-11-19 15:21:45',30,2316,NULL,NULL,NULL),(2351,'gachahui','ACHAHUI LOZANO GRETEL','gachahui@uandina.edu.pe','employee','ESCUELA PROFESIONAL DE ENFERMERIA','2025-11-19 15:21:45',30,2352,NULL,NULL,NULL),(2352,'ecuba','CUBA AMBIA ELIZABETT MERY','ecuba@uandina.edu.pe','manager','ESCUELA PROFESIONAL DE ENFERMERIA','2025-11-19 15:21:45',30,NULL,NULL,NULL,NULL),(2353,'oprada','PRADA ROZAS OSCAR NEALD','oprada@uandina.edu.pe','employee','ESCUELA PROFESIONAL DE INGENIERIA INGENIERIA CIVIL','2025-11-19 15:21:45',30,2331,NULL,NULL,NULL),(2354,'pgutierrez','GUTIERREZ CARPIO PAUL HUGO','pgutierrez@uandina.edu.pe','employee','ESCUELA PROFESIONAL DE OBSTETRICIA Y ENFERMERIA','2025-11-19 15:21:45',30,2355,NULL,NULL,NULL),(2355,'yleon','LEON VILLALOBOS YOLANDA VICTORIA','yleon@uandina.edu.pe','manager','ESCUELA PROFESIONAL DE OBSTETRICIA Y ENFERMERIA','2025-11-19 15:21:45',30,NULL,NULL,NULL,NULL),(2356,'fbaca','BACA HUAMAN FREDY','fbaca@uandina.edu.pe','employee','FACULTAD DE CIENCIAS ECONOMICAS ADMINISTRATIVAS Y CONTABLES','2025-11-19 15:21:45',30,2264,NULL,NULL,NULL),(2357,'esanchez','SANCHEZ CHAVEZ EDWART','esanchez@uandina.edu.pe','employee','FACULTAD DE CIENCIAS ECONOMICAS ADMINISTRATIVAS Y CONTABLES','2025-11-19 15:21:45',30,2264,NULL,NULL,NULL),(2358,'miberico','IBERICO LOAIZA MAX FRANCISCO','miberico@uandina.edu.pe','employee','FACULTAD DE INGENIERIA Y ARQUITECTURA','2025-11-19 15:21:45',30,2271,1,'CUSCO',0),(2359,'sbaca','BACA CARLOS SERGIO LUIS','sbaca@uandina.edu.pe','employee','FILIAL QUILLABAMBA','2025-11-19 15:21:45',30,2360,NULL,'QUILLABAMBA',NULL),(2360,'vserna','SERNA SILVA VIVIANETT','vserna@uandina.edu.pe','manager','FILIAL QUILLABAMBA','2025-11-19 15:21:45',30,NULL,NULL,'QUILLABAMBA',NULL),(2361,'eflorez','FLOREZ HURTADO ENRIQUE','eflorez@uandina.edu.pe','employee','FILIAL QUILLABAMBA','2025-11-19 15:21:45',30,2360,NULL,'QUILLABAMBA',NULL),(2362,'polarte','OLARTE QUISPE PABLO','polarte@uandina.edu.pe','employee','FILIAL QUILLABAMBA','2025-11-19 15:21:45',30,2360,NULL,'QUILLABAMBA',NULL),(2363,'polarteq','OLARTE QUISPE PABLO JHOZET','polarteq@uandina.edu.pe','employee','FILIAL QUILLABAMBA','2025-11-19 15:21:45',30,2360,NULL,'QUILLABAMBA',NULL),(2364,'mrivera','RIVERA BELLOTA MENDEL ENMEL','mrivera@uandina.edu.pe','employee','FILIAL QUILLABAMBA','2025-11-19 15:21:45',30,2360,NULL,'QUILLABAMBA',NULL),(2365,'psaldivar','SALDIVAR NUÃ‘EZ PAOLA INDIRA','psaldivar@uandina.edu.pe','employee','FILIAL QUILLABAMBA','2025-11-19 15:21:45',30,2360,NULL,'QUILLABAMBA',NULL),(2366,'valbarracin','ALBARRACIN GONZALES VICTOR','valbarracin@uandina.edu.pe','employee','FILIAL SICUANI','2025-11-19 15:21:45',30,2335,NULL,'SICUANI',NULL),(2367,'mcastaneda','CASTAÃ‘EDA PANUCA MAURO','mcastaneda@uandina.edu.pe','employee','FILIAL SICUANI','2025-11-19 15:21:45',30,2335,NULL,'SICUANI',NULL),(2368,'climachi','LIMACHI CANCHI CASIANO','climachi@uandina.edu.pe','employee','FILIAL SICUANI','2025-11-19 15:21:45',30,2335,NULL,'SICUANI',NULL),(2369,'rmamanit','MAMANI TTITO RICARDO','rmamanit@uandina.edu.pe','employee','FILIAL SICUANI','2025-11-19 15:21:45',30,2335,NULL,'SICUANI',NULL),(2370,'npanty','PANTY HERMOZA NILO EFRAIN','npanty@uandina.edu.pe','employee','FILIAL SICUANI','2025-11-19 15:21:45',30,2335,NULL,'SICUANI',NULL),(2371,'eluza','LUZA ICHILLUMPA EDMUNDO','eluza@uandina.edu.pe','employee','IMPRENTA UNIVERSITARIA','2025-11-19 15:21:45',30,2372,NULL,NULL,NULL),(2372,'fperez','PEREZ HUAMANI FRANCISCO','fperez@uandina.edu.pe','manager','UNIDAD DE SERVICIOS GENERALES','2025-11-19 15:21:45',30,2303,NULL,'CUSCO',1),(2373,'ovivanco','VIVANCO PUMA OSCAR ABEL','ovivanco@uandina.edu.pe','employee','IMPRENTA UNIVERSITARIA','2025-11-19 15:21:45',30,2372,NULL,NULL,NULL),(2374,'gdextre','DEXTRE JARA GUILDO VIRGINIO','gdextre@uandina.edu.pe','employee','LABORATORIO DE CIENCIAS BASICAS','2025-11-19 15:21:45',30,2375,NULL,NULL,NULL),(2375,'aoviedo','OVIEDO VITORINO ANA ISABEL','aoviedo@uandina.edu.pe','manager','LABORATORIO DE CIENCIAS BASICAS','2025-11-19 15:21:45',30,NULL,NULL,NULL,NULL),(2376,'vfloresq','FLORES QUISPE VIRGILIO','vfloresq@uandina.edu.pe','employee','LABORATORIO DE CIENCIAS BASICAS','2025-11-19 15:21:45',30,2375,NULL,NULL,NULL),(2377,'lmirandab','MIRANDA BARRIGA LUGO','lmirandab@uandina.edu.pe','employee','LABORATORIO DE CIENCIAS BASICAS','2025-11-19 15:21:45',30,2375,NULL,NULL,NULL),(2378,'lpaullo','PAULLO HUILLCA LUZMILA','lpaullo@uandina.edu.pe','employee','LABORATORIO DE CIENCIAS BASICAS','2025-11-19 15:21:45',30,2375,NULL,NULL,NULL),(2379,'afarfang','FARFAN GARRIDO ANTONIETA ILLARY','afarfang@uandina.edu.pe','employee','OFICINA DE ASESORIA JURIDICA','2025-11-19 15:21:45',30,2380,NULL,NULL,NULL),(2380,'mfernandezg','FERNANDEZ GARCIA MANUEL MARCO','mfernandezg@uandina.edu.pe','manager','OFICINA DE ASESORIA JURIDICA','2025-11-19 15:21:45',30,2380,NULL,NULL,NULL),(2381,'mherrerac','HERRERA CALDERON MARGARITA','mherrerac@uandina.edu.pe','employee','OFICINA DE ASESORIA JURIDICA','2025-11-19 15:21:45',30,2380,NULL,NULL,NULL),(2382,'oportugalm','PORTUGAL MAYORGA OMAR','oportugalm@uandina.edu.pe','employee','OFICINA DE ASESORIA JURIDICA','2025-11-19 15:21:45',30,2380,NULL,NULL,NULL),(2383,'rrivero','RIVERO YNFANTAS ROBERTO','rrivero@uandina.edu.pe','employee','OFICINA DE ASESORIA JURIDICA','2025-11-19 15:21:45',30,2380,NULL,NULL,NULL),(2384,'gramirez','RAMIREZ GUZMAN GRETHEL CARMELA','gramirez@uandina.edu.pe','employee','OFICINA DE AUDITORIA','2025-11-19 15:21:45',30,2385,NULL,NULL,NULL),(2385,'jtrigoso','TRIGOSO DELGADO JORGE OSCAR','jtrigoso@uandina.edu.pe','manager','OFICINA DE AUDITORIA','2025-11-19 15:21:45',30,2387,NULL,'CUSCO',1),(2386,'ssalazar','SALAZAR QUISPE SHERLIN ELIZABETH','ssalazar@uandina.edu.pe','employee','OFICINA DE AUDITORIA','2025-11-19 15:21:45',30,2385,NULL,NULL,NULL),(2387,'dbravo','BRAVO GONZALES DI-YANIRA','dbravo@uandina.edu.pe','manager','OFICINA DE AUDITORIA','2025-11-19 15:21:45',30,NULL,NULL,NULL,NULL),(2388,'llimachi','LIMACHI CHALLCO LUIS ANGEL','llimachi@uandina.edu.pe','manager','OFICINA DE INFRAESTRUCTURA Y OBRAS','2025-11-19 15:21:45',30,2262,NULL,'CUSCO',1),(2389,'fmena','MENA MEZA FRIDA VICTORIA','fmena@uandina.edu.pe','employee','OFICINA DE INFRAESTRUCTURA Y OBRAS','2025-11-19 15:21:45',30,2388,NULL,NULL,NULL),(2390,'rmorillo','MORILLO LUNA RENATTO ROBERTO','rmorillo@uandina.edu.pe','manager','OFICINA DE MARKETING PROMOCION E IMAGEN INSTITUCIONAL','2025-11-19 15:21:45',30,2387,NULL,'CUSCO',1),(2391,'jangulo','ANGULO CABRERA JOSE CARLOS','jangulo@uandina.edu.pe','employee','OFICINA DE RELACIONES PUBLICAS E IMAGEN INSTITUCIONAL','2025-11-19 15:21:45',30,2390,NULL,NULL,NULL),(2392,'adavila','DAVILA MANSILLA ANNY CAROL','adavila@uandina.edu.pe','employee','OFICINA DE RELACIONES PUBLICAS E IMAGEN INSTITUCIONAL','2025-11-19 15:21:45',30,2390,NULL,NULL,NULL),(2393,'rojeda','OJEDA HUAYTA ROY FRANS','rojeda@uandina.edu.pe','employee','OFICINA DE RELACIONES PUBLICAS E IMAGEN INSTITUCIONAL','2025-11-19 15:21:45',30,2390,NULL,NULL,NULL),(2394,'nzeron','ZERON CANSAYA NORMA','nzeron@uandina.edu.pe','employee','OFICINA DE RELACIONES PUBLICAS E IMAGEN INSTITUCIONAL','2025-11-19 15:21:45',30,2390,NULL,NULL,NULL),(2395,'kbustinza','BUSTINZA MAMANI KATHIA IRINA','kbustinza@uandina.edu.pe','employee','OFICINA DE SECRETARIA GENERAL','2025-11-19 15:21:45',30,2396,NULL,NULL,NULL),(2396,'mcusimayta','CUSIMAYTA QUISPE MAGNA ASISCLA','mcusimayta@uandina.edu.pe','manager','OFICINA DE SECRETARIA GENERAL','2025-11-19 15:21:45',30,NULL,NULL,NULL,NULL),(2397,'rcruz','CRUZ SALLO RICHARD','rcruz@uandina.edu.pe','employee','OFICINA DE SECRETARIA GENERAL','2025-11-19 15:21:45',30,2396,NULL,NULL,NULL),(2398,'jlucanapu','LUCANA PUMA JENIFER','jlucanapu@uandina.edu.pe','employee','OFICINA DE SECRETARIA GENERAL','2025-11-19 15:21:45',30,2396,NULL,NULL,NULL),(2399,'amartinezc','MARTINEZ CANCINO ANAIS ROSARIO','amartinezc@uandina.edu.pe','employee','OFICINA DE SECRETARIA GENERAL','2025-11-19 15:21:45',30,2396,NULL,NULL,NULL),(2400,'eportillo','PORTILLO VALLENAS ENRIQUE','eportillo@uandina.edu.pe','employee','OFICINA DE SECRETARIA GENERAL','2025-11-19 15:21:45',30,2396,NULL,NULL,NULL),(2401,'hroman','ROMAN MERCADO HADER','hroman@uandina.edu.pe','employee','RECTORADO','2025-11-19 15:21:45',30,2387,NULL,NULL,NULL),(2402,'mvargas','VARGAS GAMARRA MARIA VERONICA','mvargas@uandina.edu.pe','employee','RECTORADO','2025-11-19 15:21:45',30,2387,NULL,NULL,NULL),(2403,'ucaceres','CACERES HUAMAN URIEL','ucaceres@uandina.edu.pe','employee','SECRETARIA GENERAL','2025-11-19 15:21:45',30,2396,NULL,NULL,NULL),(2404,'acana','CANA CANCHA ALFREDO','acana@uandina.edu.pe','employee','SECRETARIA GENERAL','2025-11-19 15:21:45',30,2396,NULL,NULL,NULL),(2405,'cmeza','MEZA PALOMINO CANCIO','cmeza@uandina.edu.pe','employee','SECRETARIA GENERAL','2025-11-19 15:21:45',30,2396,NULL,NULL,NULL),(2406,'jcpuelles','PUELLES OLIVARES JUAN CARLOS','jcpuelles@uandina.edu.pe','employee','SECRETARIA GENERAL','2025-11-19 15:21:45',30,2396,NULL,NULL,NULL),(2407,'csuri','SURI NINA CIRILO','csuri@uandina.edu.pe','employee','SECRETARIA GENERAL','2025-11-19 15:21:45',30,2396,NULL,NULL,NULL),(2408,'jzarate','ZARATE TAPIA JULIO CESAR','jzarate@uandina.edu.pe','employee','SECRETARIA GENERAL','2025-11-19 15:21:45',30,2396,NULL,NULL,NULL),(2409,'rcastilloo','CASTILLO OJEDA ROBERTO','rcastilloo@uandina.edu.pe','employee','UNIDAD DE ABASTECIMIENTOS','2025-11-19 15:21:45',30,2410,NULL,NULL,NULL),(2410,'jcunza','CUNZA VALDEIGLESIAS JAVIER ORLANDO','jcunza@uandina.edu.pe','manager','UNIDAD DE ABASTECIMIENTOS','2025-11-19 15:21:45',30,2303,NULL,'CUSCO',1),(2411,'wfarfan','FARFAN MAITA WILLIAM DIOGENES','wfarfan@uandina.edu.pe','employee','UNIDAD DE ABASTECIMIENTOS','2025-11-19 15:21:45',30,2410,NULL,NULL,NULL),(2412,'vnunez','NUÃ‘EZ SAAVEDRA VALENTINA','vnunez@uandina.edu.pe','employee','UNIDAD DE ABASTECIMIENTOS','2025-11-19 15:21:45',30,2410,NULL,NULL,NULL),(2413,'opuma','PUMA MORA OSCAR','opuma@uandina.edu.pe','employee','UNIDAD DE ABASTECIMIENTOS','2025-11-19 15:21:45',30,2410,NULL,NULL,NULL),(2414,'raragon','ARAGON JIMENEZ RICARDO DANIEL','raragon@uandina.edu.pe','employee','UNIDAD DE ADMISION Y PROCESOS TECNICOS','2025-11-19 15:21:45',30,2306,NULL,NULL,NULL),(2415,'mampuero','AMPUERO MIRANDA MARIA ROCIO','mampuero@uandina.edu.pe','employee','UNIDAD DE CONTABILIDAD','2025-11-19 15:21:45',30,2416,NULL,NULL,NULL),(2416,'wquispe','QUISPE ATAYUPANQUI WASHINGTON','wquispe@uandina.edu.pe','manager','UNIDAD DE CONTABILIDAD','2025-11-19 15:21:45',30,2303,NULL,'CUSCO',1),(2417,'eblanco','BLANCO FARFAN EDITH NANCY','eblanco@uandina.edu.pe','employee','UNIDAD DE CONTABILIDAD','2025-11-19 15:21:45',30,2416,NULL,NULL,NULL),(2418,'mcruzp','CRUZ PERALTA MIGUEL ANGEL','mcruzp@uandina.edu.pe','employee','UNIDAD DE CONTABILIDAD','2025-11-19 15:21:45',30,2416,NULL,NULL,NULL),(2419,'afuentes','FUENTES BARRIGA ANA LESIA','afuentes@uandina.edu.pe','employee','UNIDAD DE CONTABILIDAD','2025-11-19 15:21:45',30,2416,NULL,NULL,NULL),(2420,'avenero','VENERO FUENTES ARISTIDES BERNAL','avenero@uandina.edu.pe','employee','UNIDAD DE CONTABILIDAD','2025-11-19 15:21:45',30,2416,NULL,NULL,NULL),(2421,'mmamani','MAMANI DANCUART MIGUEL','mmamani@uandina.edu.pe','employee','UNIDAD DE CONTROL DESARROLLO HUMANO Y ESCALAFON','2025-11-19 15:21:45',30,2299,NULL,NULL,NULL),(2422,'crosas','ROSAS VARGAS CESAR IVAN','crosas@uandina.edu.pe','employee','UNIDAD DE CONTROL DESARROLLO HUMANO Y ESCALAFON','2025-11-19 15:21:45',30,2299,NULL,'CUSCO',0),(2423,'rvalle','VALLE SOTOMAYOR RUTH CECILIA','rvalle@uandina.edu.pe','employee','UNIDAD DE CONTROL DESARROLLO HUMANO Y ESCALAFON','2025-11-19 15:21:45',30,2299,NULL,NULL,NULL),(2424,'karagon','ARAGON ASCUE KALONDY','karagon@uandina.edu.pe','employee','UNIDAD DE DEPORTE EN GENERAL Y RECREACION','2025-11-19 15:21:45',30,2349,NULL,NULL,NULL),(2425,'arolando','ROLANDO PACHECO AUGUSTO','arolando@uandina.edu.pe','employee','UNIDAD DE DEPORTE EN GENERAL Y RECREACION','2025-11-19 15:21:45',30,2349,NULL,NULL,NULL),(2426,'vsaire','SAIRE NAVARRETE VIDAL','vsaire@uandina.edu.pe','employee','UNIDAD DE DESARROLLO DE PROYECTOS INFORMATICOS','2025-11-19 15:21:45',30,2301,NULL,NULL,NULL),(2427,'jbenavides','BENAVIDES GAONA JEAN CARLO','jbenavides@uandina.edu.pe','employee','UNIDAD DE DISENO Y PROGRAMACION','2025-11-19 15:21:45',30,2301,NULL,NULL,NULL),(2428,'gpastor','PASTOR SEQUEIROS GINO ALFREDO','gpastor@uandina.edu.pe','employee','UNIDAD DE DISENO Y PROGRAMACION','2025-11-19 15:21:45',30,2301,NULL,NULL,NULL),(2429,'fvillafuerte','VILLAFUERTE GAMARRA FRANKLIN','fvillafuerte@uandina.edu.pe','employee','UNIDAD DE DISENO Y PROGRAMACION','2025-11-19 15:21:45',30,2301,NULL,NULL,NULL),(2430,'mchevarria','CHEVARRIA MAMANI MIGUEL ANGEL','mchevarria@uandina.edu.pe','employee','UNIDAD DE ESTADISTICA','2025-11-19 15:21:45',30,2337,NULL,NULL,NULL),(2431,'lzanabriaq','ZANABRIA QUILCA LUIS','lzanabriaq@uandina.edu.pe','employee','UNIDAD DE IMAGEN INSTITUCIONAL','2025-11-19 15:21:45',30,2390,NULL,NULL,NULL),(2432,'masto','ASTO NARVAEZ MODESTO','masto@uandina.edu.pe','employee','UNIDAD DE MANTENIMIENTO','2025-11-19 15:21:45',30,2388,NULL,NULL,NULL),(2433,'jblas','BLAS LIVIMORO JUAN ESTEBAN','jblas@uandina.edu.pe','employee','UNIDAD DE MANTENIMIENTO','2025-11-19 15:21:45',30,2388,NULL,NULL,NULL),(2434,'acruz','CRUZ MAMANI ALEJANDRO','acruz@uandina.edu.pe','employee','UNIDAD DE MANTENIMIENTO','2025-11-19 15:21:45',30,2388,NULL,NULL,NULL),(2435,'afernandez','FERNANDEZ CASTRO AMERICO','afernandez@uandina.edu.pe','employee','UNIDAD DE MANTENIMIENTO','2025-11-19 15:21:45',30,2388,NULL,NULL,NULL),(2436,'chuillca','HUILLCA CCONCHA CESAR ALFREDO','chuillca@uandina.edu.pe','employee','UNIDAD DE MANTENIMIENTO','2025-11-19 15:21:45',30,2388,NULL,NULL,NULL),(2437,'emamani','MAMANI CERRILLO EPIFANIO','emamani@uandina.edu.pe','employee','UNIDAD DE MANTENIMIENTO','2025-11-19 15:21:45',30,2388,NULL,NULL,NULL),(2438,'enunezc','NUÃ‘EZ CHOQQUE EUSEBIO','enunezc@uandina.edu.pe','employee','UNIDAD DE MANTENIMIENTO','2025-11-19 15:21:45',30,2388,NULL,NULL,NULL),(2439,'apacco','PACCO ZERCEDA ALFREDO','apacco@uandina.edu.pe','employee','UNIDAD DE MANTENIMIENTO','2025-11-19 15:21:45',30,2388,NULL,NULL,NULL),(2440,'bpachari','PACHARI PACO BENITO','bpachari@uandina.edu.pe','employee','UNIDAD DE MANTENIMIENTO','2025-11-19 15:21:45',30,2388,NULL,NULL,NULL),(2441,'rpereira','PEREIRA HUAMANI RAUL ROLANDO','rpereira@uandina.edu.pe','employee','UNIDAD DE MANTENIMIENTO','2025-11-19 15:21:45',30,2388,NULL,NULL,NULL),(2442,'fquispeh','QUISPE HUILLCA FELIPE','fquispeh@uandina.edu.pe','employee','UNIDAD DE MANTENIMIENTO','2025-11-19 15:21:45',30,2388,NULL,NULL,NULL),(2443,'pquispe','QUISPE MONTES PEDRO','pquispe@uandina.edu.pe','employee','UNIDAD DE MANTENIMIENTO','2025-11-19 15:21:45',30,2388,NULL,NULL,NULL),(2444,'vrafaile','RAFAILE CHIPANA VICTOR','vrafaile@uandina.edu.pe','employee','UNIDAD DE MANTENIMIENTO','2025-11-19 15:21:45',30,2388,NULL,NULL,NULL),(2445,'osaca','SACA GUZMAN OSWALDO FLORENTINO','osaca@uandina.edu.pe','employee','UNIDAD DE MANTENIMIENTO','2025-11-19 15:21:45',30,2388,NULL,NULL,NULL),(2446,'msallo','SALLO CJURO MARIO','msallo@uandina.edu.pe','employee','UNIDAD DE MANTENIMIENTO','2025-11-19 15:21:45',30,2388,NULL,NULL,NULL),(2447,'ntapara','TAPARA QUISPE NOE','ntapara@uandina.edu.pe','employee','UNIDAD DE MANTENIMIENTO','2025-11-19 15:21:45',30,2388,NULL,NULL,NULL),(2448,'jugarte','UGARTE MANSILLA JUVENAL','jugarte@uandina.edu.pe','employee','UNIDAD DE MANTENIMIENTO','2025-11-19 15:21:45',30,2388,NULL,NULL,NULL),(2449,'kugarte','UGARTE MENDEZ KAROL MAX','kugarte@uandina.edu.pe','employee','UNIDAD DE MANTENIMIENTO','2025-11-19 15:21:45',30,2388,NULL,NULL,NULL),(2450,'czamata','ZAMATA OTAZU CORNELIO','czamata@uandina.edu.pe','employee','UNIDAD DE MANTENIMIENTO','2025-11-19 15:21:45',30,2388,NULL,NULL,NULL),(2451,'mmarroquin','MARROQUIN ZAPATA MANUEL','mmarroquin@uandina.edu.pe','employee','UNIDAD DE ORGANIZACION Y METODOS DE TRABAJO','2025-11-19 15:21:45',30,2337,NULL,NULL,NULL),(2452,'jchavezc','CHAVEZ CAJIGAS JORGE MANUEL','jchavezc@uandina.edu.pe','employee','UNIDAD DE PATRIMONIO','2025-11-19 15:21:45',30,2453,NULL,NULL,NULL),(2453,'ldiazs','DIAZ SALAS LID GIOVANA','ldiazs@uandina.edu.pe','manager','UNIDAD DE PATRIMONIO','2025-11-19 15:21:45',30,2303,NULL,'CUSCO',1),(2454,'cvaldivia','VALDIVIA ALARCON CHARLES LINCOLN','cvaldivia@uandina.edu.pe','employee','UNIDAD DE PATRIMONIO','2025-11-19 15:21:45',30,2453,NULL,NULL,NULL),(2455,'schauca','CHAUCA GALICIA SONIA','schauca@uandina.edu.pe','employee','UNIDAD DE PLANEAMIENTO Y PRESUPUESTO','2025-11-19 15:21:45',30,2337,NULL,NULL,NULL),(2456,'lcumpa','CUMPA MARQUEZ LILIANA','lcumpa@uandina.edu.pe','employee','UNIDAD DE PLANEAMIENTO Y PRESUPUESTO','2025-11-19 15:21:45',30,2337,NULL,NULL,NULL),(2457,'lpinto','PINTO LEON LUCIANO','lpinto@uandina.edu.pe','employee','UNIDAD DE PLANEAMIENTO Y PRESUPUESTO','2025-11-19 15:21:45',30,2337,NULL,NULL,NULL),(2458,'ecanal','CANAL MUÃ‘OZ ERIKA','ecanal@uandina.edu.pe','employee','UNIDAD DE PROCESOS TECNICOS ACADEMICOS','2025-11-19 15:21:45',30,2342,NULL,NULL,NULL),(2459,'ncornejo','CORNEJO AGUILAR NICAISE YULIANA','ncornejo@uandina.edu.pe','employee','UNIDAD DE PROCESOS TECNICOS ACADEMICOS','2025-11-19 15:21:45',30,2342,NULL,NULL,NULL),(2460,'hgutierrez','GUTIERREZ ABUHADBA HUMBERTO ELIAS','hgutierrez@uandina.edu.pe','employee','UNIDAD DE PROCESOS TECNICOS ACADEMICOS','2025-11-19 15:21:45',30,2342,NULL,NULL,NULL),(2461,'apalomino','PALOMINO PUMACHAPI ALEX RAMON','apalomino@uandina.edu.pe','employee','UNIDAD DE PROCESOS TECNICOS ACADEMICOS','2025-11-19 15:21:45',30,2342,NULL,NULL,NULL),(2462,'pperezc','PEREZ CASTILLA PAUL MARIO','pperezc@uandina.edu.pe','employee','UNIDAD DE PROCESOS TECNICOS ACADEMICOS','2025-11-19 15:21:45',30,2342,NULL,NULL,NULL),(2463,'dbecerra','BECERRA AUCCAHUALLPA DELZY DAFNE','dbecerra@uandina.edu.pe','employee','UNIDAD DE PRODUCCION Y SOPORTE INFORMATICO','2025-11-19 15:21:45',30,2301,NULL,NULL,NULL),(2464,'ecastro','CASTRO PALOMINO EDGAR','ecastro@uandina.edu.pe','employee','UNIDAD DE PRODUCCION Y SOPORTE INFORMATICO','2025-11-19 15:21:45',30,2301,NULL,NULL,NULL),(2465,'lballadares','BALLADARES VIZCARRA LUZ ALEJANDRA','lballadares@uandina.edu.pe','employee','UNIDAD DE REMUNERACIONES','2025-11-19 15:21:45',30,2466,NULL,'CUSCO',0),(2466,'llazo','LAZO OVIEDO LILIAM','llazo@uandina.edu.pe','manager','UNIDAD DE REMUNERACIONES','2025-11-19 15:21:45',30,2299,NULL,'CUSCO',1),(2467,'ymujicac','MUJICA CAVERO YAHASMINA','ymujicac@uandina.edu.pe','employee','UNIDAD DE REMUNERACIONES','2025-11-19 15:21:45',30,2466,NULL,NULL,NULL),(2468,'lpareja','PAREJA MIRANDA LUDWING LUCAS','lpareja@uandina.edu.pe','employee','UNIDAD DE SEGURIDAD Y SALUD EN EL TRABAJO','2025-11-19 15:21:45',30,2299,NULL,NULL,NULL),(2469,'aqquente','QQUENTE MERCADO AMPARO','aqquente@uandina.edu.pe','employee','UNIDAD DE SEGURIDAD Y SALUD EN EL TRABAJO','2025-11-19 15:21:45',30,2299,NULL,NULL,NULL),(2470,'rgutierrez','GUTIERREZ VALLEJOS RENE EVANGELINA','rgutierrez@uandina.edu.pe','employee','UNIDAD DE SERVICIO SOCIAL','2025-11-19 15:21:45',30,2308,NULL,NULL,NULL),(2471,'jsantos','SANTOS RIVERA JACINTA CAROLA','jsantos@uandina.edu.pe','employee','UNIDAD DE SERVICIO SOCIAL','2025-11-19 15:21:45',30,2308,NULL,NULL,NULL),(2472,'caragonb','ARAGON BASURCO CARMEN LIS','caragonb@uandina.edu.pe','employee','UNIDAD DE SERVICIOS DE ATENCION INTEGRAL A LA PERSONA','2025-11-19 15:21:45',30,2308,NULL,NULL,NULL),(2473,'ribarra','IBARRA VILCHEZ ROXANA KAROL','ribarra@uandina.edu.pe','employee','UNIDAD DE SERVICIOS DE ATENCION INTEGRAL A LA PERSONA','2025-11-19 15:21:45',30,2308,NULL,NULL,NULL),(2474,'kzavalla','ZAVALLA POZO KELLY','kzavalla@uandina.edu.pe','employee','UNIDAD DE SERVICIOS DE ATENCION INTEGRAL A LA PERSONA','2025-11-19 15:21:45',30,2308,NULL,NULL,NULL),(2475,'cataulluco','ATAULLUCO CUSI CARMEN ROSA','cataulluco@uandina.edu.pe','employee','UNIDAD DE SERVICIOS GENERALES','2025-11-19 15:21:45',30,2372,NULL,NULL,NULL),(2476,'schacmana','CHACMANA ORTIZ SAMUEL','schacmana@uandina.edu.pe','employee','UNIDAD DE SERVICIOS GENERALES','2025-11-19 15:21:45',30,2372,NULL,NULL,NULL),(2477,'rchoque','CHOQUE ANAHUA RICHAR','rchoque@uandina.edu.pe','employee','UNIDAD DE SERVICIOS GENERALES','2025-11-19 15:21:45',30,2372,NULL,NULL,NULL),(2478,'jchuctaya','CHUCTAYA MIRANDA JUAN BAUTISTA','jchuctaya@uandina.edu.pe','employee','UNIDAD DE SERVICIOS GENERALES','2025-11-19 15:21:45',30,2387,NULL,NULL,NULL),(2479,'mconstantini','CONSTANTINI PISCONTE MARIO MINOTI','mconstantini@uandina.edu.pe','employee','UNIDAD DE SERVICIOS GENERALES','2025-11-19 15:21:45',30,2372,NULL,NULL,NULL),(2480,'adurand','DURAND FRISANCHO AMERICO','adurand@uandina.edu.pe','employee','UNIDAD DE SERVICIOS GENERALES','2025-11-19 15:21:45',30,2372,NULL,NULL,NULL),(2481,'lronco','RONCO CHUTAS LUCIO','lronco@uandina.edu.pe','employee','UNIDAD DE SERVICIOS GENERALES','2025-11-19 15:21:45',30,2372,NULL,NULL,NULL),(2482,'jrosas','ROSAS TUNQUI JOSE LUIS','jrosas@uandina.edu.pe','employee','UNIDAD DE SERVICIOS GENERALES','2025-11-19 15:21:45',30,2483,NULL,NULL,NULL),(2483,'nbolanos','BOLAÃ‘OS CERRILLO NICOLAS FRANCISCO','nbolanos@uandina.edu.pe','manager','UNIDAD DE SERVICIOS GENERALES','2025-11-19 15:21:45',30,NULL,NULL,NULL,NULL),(2484,'asaca','SACA PUMA ARMON','asaca@uandina.edu.pe','employee','UNIDAD DE SERVICIOS GENERALES','2025-11-19 15:21:45',30,2372,NULL,NULL,NULL),(2485,'psantos','SANTOS ASCARZA PEDRO ALEXIS','psantos@uandina.edu.pe','employee','UNIDAD DE SERVICIOS GENERALES','2025-11-19 15:21:45',30,2262,NULL,NULL,NULL),(2486,'rstelman','STELMAN RODRIGUEZ RODOLFO','rstelman@uandina.edu.pe','employee','UNIDAD DE SERVICIOS GENERALES','2025-11-19 15:21:45',30,2372,NULL,NULL,NULL),(2487,'htaina','TAIÃ‘A SANCHEZ HERMELINDA','htaina@uandina.edu.pe','employee','UNIDAD DE SERVICIOS GENERALES','2025-11-19 15:21:45',30,2372,NULL,NULL,NULL),(2488,'mtorres','TORRES HERMOZA MANUEL','mtorres@uandina.edu.pe','employee','UNIDAD DE SERVICIOS GENERALES','2025-11-19 15:21:45',30,2489,NULL,NULL,NULL),(2489,'lmendozaq','MENDOZA QUISPE LUIS AMADEO','lmendozaq@uandina.edu.pe','manager','UNIDAD DE SERVICIOS GENERALES','2025-11-19 15:21:45',30,NULL,NULL,NULL,NULL),(2490,'jbustamanter','BUSTAMANTE ROZAS JOHN MICHEL','jbustamanter@uandina.edu.pe','employee','UNIDAD DE TESORERIA','2025-11-19 15:21:45',30,2491,NULL,NULL,NULL),(2491,'nturpo','TURPO GUTIERREZ NELLY SONIA','nturpo@uandina.edu.pe','manager','UNIDAD DE TESORERIA','2025-11-19 15:21:45',30,2303,NULL,'CUSCO',1),(2492,'sespinoza','ESPINOZA CACERES SILVIA','sespinoza@uandina.edu.pe','employee','UNIDAD DE TESORERIA','2025-11-19 15:21:45',30,2491,NULL,NULL,NULL),(2493,'imendoza','MENDOZA OLIVERA IRIS CLEMENCIA','imendoza@uandina.edu.pe','employee','UNIDAD DE TESORERIA','2025-11-19 15:21:45',30,2491,NULL,NULL,NULL),(2494,'rpareja','PAREJA QUISPIHUANCA ROXANA','rpareja@uandina.edu.pe','employee','UNIDAD DE TESORERIA','2025-11-19 15:21:45',30,2491,NULL,NULL,NULL),(2495,'cullon','ULLON VILLALOBOS CARLOS MANUEL','cullon@uandina.edu.pe','employee','UNIDAD DE TESORERIA','2025-11-19 15:21:45',30,2491,NULL,NULL,NULL),(2496,'nvillalta','VILLALTA VELASQUEZ NAYSHA','nvillalta@uandina.edu.pe','employee','UNIDAD DE TESORERIA','2025-11-19 15:21:45',30,2491,NULL,NULL,NULL),(2497,'jprada','PRADA CHUMBES JEAN CARLO','jprada@uandina.edu.pe','employee','UNIDAD DE TRANSFORMACION DIGITAL','2025-11-19 15:21:45',30,2337,NULL,NULL,NULL),(2498,'mdelosrios','DE LOS RIOS FARFAN MARIA DEL PILAR','mdelosrios@uandina.edu.pe','employee','VICERRECTORADO ACADEMICO','2025-11-19 15:21:45',30,2489,NULL,NULL,NULL),(2499,'rmerino','MERINO SALAZAR RUTH ELIANA','rmerino@uandina.edu.pe','employee','VICERRECTORADO ACADEMICO','2025-11-19 15:21:45',30,2489,NULL,NULL,NULL),(2500,'mpillco','PILLCO PEREZ MARINA','mpillco@uandina.edu.pe','employee','VICERRECTORADO ACADEMICO','2025-11-19 15:21:45',30,2489,NULL,NULL,NULL),(2501,'mbarra','BARRA ARAUJO MARIANELA','mbarra@uandina.edu.pe','employee','VICERRECTORADO ADMINISTRATIVO','2025-11-19 15:21:45',30,2262,NULL,NULL,NULL),(2502,'jcaceresc','CACERES CCAHUA JUAN CARLOS','jcaceresc@uandina.edu.pe','employee','VICERRECTORADO ADMINISTRATIVO','2025-11-19 15:21:45',30,2262,NULL,NULL,NULL),(2503,'rsuclli','SUCLLI CALLAPIÑA RUTH','rsuclli@uandina.edu.pe','employee','VICERRECTORADO DE INVESTIGACION','2025-11-19 15:21:45',30,2483,NULL,NULL,NULL),(2504,'amonge','ANGEL LUIS MONGE VILLEGAS','amonge@uandina.edu.pe','employee','DIRECCION DE RECURSOS HUMANOS','2025-11-19 16:17:40',30,NULL,NULL,'CUSCO',0),(2505,'jvilchez','JAIRO FACUNDO VILCHEZ CACERES','020100383f@uandina.edu.pe','admin','RECURSOS HUMANOS','2025-12-04 13:26:02',30,NULL,NULL,'CUSCO',0),(2506,'afer02','alessandro fer2','019200655a@uandina.edu.pe','employee','RECURSOS HUMANOS','2025-12-05 14:55:06',30,2505,NULL,'CUSCO',0);
/*!40000 ALTER TABLE `users` ENABLE KEYS */;
UNLOCK TABLES;

--
-- Table structure for table `vacation_logs`
--

DROP TABLE IF EXISTS `vacation_logs`;
/*!40101 SET @saved_cs_client     = @@character_set_client */;
/*!50503 SET character_set_client = utf8mb4 */;
CREATE TABLE `vacation_logs` (
  `id` int NOT NULL AUTO_INCREMENT,
  `vacation_period_id` int DEFAULT NULL,
  `user_id` int DEFAULT NULL,
  `log_text` text NOT NULL,
  `created_at` datetime DEFAULT NULL,
  PRIMARY KEY (`id`),
  KEY `user_id` (`user_id`),
  KEY `vacation_period_id` (`vacation_period_id`),
  KEY `ix_vacation_logs_id` (`id`),
  CONSTRAINT `vacation_logs_ibfk_1` FOREIGN KEY (`user_id`) REFERENCES `users` (`id`),
  CONSTRAINT `vacation_logs_ibfk_2` FOREIGN KEY (`vacation_period_id`) REFERENCES `vacation_periods` (`id`)
) ENGINE=InnoDB AUTO_INCREMENT=474 DEFAULT CHARSET=utf8mb4 COLLATE=utf8mb4_general_ci;
/*!40101 SET character_set_client = @saved_cs_client */;

--
-- Dumping data for table `vacation_logs`
--

LOCK TABLES `vacation_logs` WRITE;
/*!40000 ALTER TABLE `vacation_logs` DISABLE KEYS */;
INSERT INTO `vacation_logs` VALUES (226,72,2423,'Solicitud creada en estado \'draft\'.','2025-12-05 21:25:40'),(227,73,2428,'Solicitud creada en estado \'draft\'.','2025-12-06 21:00:12'),(228,74,2428,'Solicitud creada en estado \'draft\'.','2025-12-06 21:00:46'),(229,75,2497,'Solicitud creada en estado \'draft\'.','2025-12-07 14:10:51'),(230,76,2393,'Solicitud creada en estado \'draft\'.','2025-12-10 04:30:38'),(231,77,2393,'Solicitud creada en estado \'draft\'.','2025-12-10 04:33:59'),(232,78,2270,'Solicitud creada en estado \'draft\'.','2025-12-10 13:04:59'),(233,79,2358,'Solicitud creada en estado \'draft\'.','2025-12-10 13:16:51'),(234,80,2392,'Solicitud creada en estado \'draft\'.','2025-12-10 13:23:50'),(235,79,2358,'Solicitud editada. Nuevas fechas: 2026-01-05 por 15 días.','2025-12-10 13:26:21'),(236,81,2455,'Solicitud creada en estado \'draft\'.','2025-12-10 13:27:31'),(237,82,2363,'Solicitud creada en estado \'draft\'.','2025-12-10 13:27:50'),(238,83,2462,'Solicitud creada en estado \'draft\'.','2025-12-10 13:28:00'),(239,84,2430,'Solicitud creada en estado \'draft\'.','2025-12-10 13:29:31'),(240,85,2430,'Solicitud creada en estado \'draft\'.','2025-12-10 13:30:10'),(241,86,2462,'Solicitud creada en estado \'draft\'.','2025-12-10 13:32:48'),(242,87,2497,'Solicitud creada en estado \'draft\'.','2025-12-10 13:35:18'),(243,88,2324,'Solicitud creada en estado \'draft\'.','2025-12-10 13:42:35'),(244,89,2462,'Solicitud creada en estado \'draft\'.','2025-12-10 13:43:38'),(245,90,2365,'Solicitud creada en estado \'draft\'.','2025-12-10 13:44:02'),(246,88,2324,'Solicitud editada. Nuevas fechas: 2026-01-05 por 15 días.','2025-12-10 13:44:10'),(247,91,2272,'Solicitud creada en estado \'draft\'.','2025-12-10 13:44:23'),(248,92,2357,'Solicitud creada en estado \'draft\'.','2025-12-10 13:45:55'),(249,92,2357,'Solicitud editada. Nuevas fechas: 2026-01-15 por 15 días.','2025-12-10 13:46:29'),(250,93,2246,'Solicitud creada en estado \'draft\'.','2025-12-10 13:48:17'),(251,94,2357,'Solicitud creada en estado \'draft\'.','2025-12-10 13:48:36'),(252,95,2362,'Solicitud creada en estado \'draft\'.','2025-12-10 13:49:17'),(253,95,2362,'Solicitud editada. Nuevas fechas: 2026-01-05 por 15 días.','2025-12-10 13:50:59'),(254,96,2361,'Solicitud creada en estado \'draft\'.','2025-12-10 13:51:08'),(255,97,2265,'Solicitud creada en estado \'draft\'.','2025-12-10 13:56:45'),(256,98,2265,'Solicitud creada en estado \'draft\'.','2025-12-10 13:58:13'),(257,96,2360,'Enviado individualmente a RRHH (con sustento).','2025-12-10 13:58:57'),(258,98,2265,'Solicitud editada. Nuevas fechas: 2026-07-01 por 8 días.','2025-12-10 13:59:21'),(259,98,2265,'Solicitud editada. Nuevas fechas: 2026-07-01 por 15 días.','2025-12-10 13:59:42'),(260,99,2263,'Solicitud creada en estado \'draft\'.','2025-12-10 14:03:48'),(261,82,2360,'Solicitud editada. Nuevas fechas: 2026-01-05 por 15 días.','2025-12-10 14:03:55'),(262,100,2359,'Solicitud creada en estado \'draft\'.','2025-12-10 14:05:18'),(263,101,2356,'Solicitud creada en estado \'draft\'.','2025-12-10 14:05:49'),(264,102,2322,'Solicitud creada en estado \'draft\'.','2025-12-10 14:07:06'),(265,103,2356,'Solicitud creada en estado \'draft\'.','2025-12-10 14:08:25'),(266,104,2408,'Solicitud creada en estado \'draft\'.','2025-12-10 14:17:27'),(267,105,2408,'Solicitud creada en estado \'draft\'.','2025-12-10 14:17:49'),(268,106,2474,'Solicitud creada en estado \'draft\'.','2025-12-10 14:20:53'),(269,91,2272,'Solicitud editada. Nuevas fechas: 2026-01-12 por 15 días.','2025-12-10 14:21:26'),(270,107,2405,'Solicitud creada en estado \'draft\'.','2025-12-10 14:21:55'),(271,108,2405,'Solicitud creada en estado \'draft\'.','2025-12-10 14:22:24'),(272,109,2407,'Solicitud creada en estado \'draft\'.','2025-12-10 14:28:21'),(273,109,2407,'Solicitud editada. Nuevas fechas: 2026-01-05 por 15 días.','2025-12-10 14:30:15'),(274,110,2248,'Solicitud creada en estado \'draft\'.','2025-12-10 14:30:44'),(275,111,2407,'Solicitud creada en estado \'draft\'.','2025-12-10 14:30:47'),(276,110,2248,'Solicitud editada. Nuevas fechas: 2026-01-05 por 15 días.','2025-12-10 14:33:29'),(277,112,2248,'Solicitud creada en estado \'draft\'.','2025-12-10 14:33:56'),(278,110,2248,'Solicitud editada. Nuevas fechas: 2026-01-05 por 15 días.','2025-12-10 14:34:38'),(279,110,2248,'Solicitud editada. Nuevas fechas: 2026-01-05 por 15 días.','2025-12-10 14:35:46'),(280,112,2248,'Solicitud editada. Nuevas fechas: 2026-07-16 por 15 días.','2025-12-10 14:37:26'),(281,113,2371,'Solicitud creada en estado \'draft\'.','2025-12-10 14:39:34'),(282,112,2244,'Solicitud editada. Nuevas fechas: 2026-07-20 por 15 días.','2025-12-10 15:00:31'),(283,114,2421,'Solicitud creada en estado \'draft\'.','2025-12-10 15:03:22'),(284,115,2421,'Solicitud creada en estado \'draft\'.','2025-12-10 15:04:10'),(285,116,2245,'Solicitud creada en estado \'draft\'.','2025-12-10 15:05:18'),(286,117,2245,'Solicitud creada en estado \'draft\'.','2025-12-10 15:06:19'),(287,118,2245,'Solicitud creada en estado \'draft\'.','2025-12-10 15:06:56'),(288,119,2229,'Solicitud creada en estado \'draft\'.','2025-12-10 15:08:36'),(289,120,2247,'Solicitud creada en estado \'draft\'.','2025-12-10 15:15:00'),(290,121,2384,'Solicitud creada en estado \'draft\'.','2025-12-10 15:17:45'),(291,121,2384,'Solicitud editada. Nuevas fechas: 2026-12-07 por 30 días.','2025-12-10 15:19:20'),(292,122,2406,'Solicitud creada en estado \'draft\'.','2025-12-10 15:21:12'),(293,123,2229,'Solicitud creada en estado \'draft\'.','2025-12-10 15:24:46'),(294,124,2268,'Solicitud creada en estado \'draft\'.','2025-12-10 15:39:49'),(295,125,2314,'Solicitud creada en estado \'draft\'.','2025-12-10 15:48:31'),(296,126,2346,'Solicitud creada en estado \'draft\'.','2025-12-10 15:49:08'),(297,127,2242,'Solicitud creada en estado \'draft\'.','2025-12-10 15:49:15'),(298,128,2420,'Solicitud creada en estado \'draft\'.','2025-12-10 15:50:03'),(299,129,2242,'Solicitud creada en estado \'draft\'.','2025-12-10 15:50:09'),(300,130,2420,'Solicitud creada en estado \'draft\'.','2025-12-10 15:51:45'),(301,131,2418,'Solicitud creada en estado \'draft\'.','2025-12-10 15:52:41'),(302,132,2418,'Solicitud creada en estado \'draft\'.','2025-12-10 15:53:35'),(303,133,2346,'Solicitud creada en estado \'draft\'.','2025-12-10 15:54:09'),(304,124,2269,'Enviado individualmente a RRHH (con sustento).','2025-12-10 15:54:40'),(305,134,2242,'Solicitud creada en estado \'draft\'.','2025-12-10 15:56:30'),(306,129,2242,'Solicitud editada. Nuevas fechas: 2026-07-13 por 7 días.','2025-12-10 15:58:16'),(307,135,2318,'Solicitud creada en estado \'draft\'.','2025-12-10 16:03:23'),(308,136,2255,'Solicitud creada en estado \'draft\'.','2025-12-10 16:03:43'),(309,137,2291,'Solicitud creada en estado \'draft\'.','2025-12-10 16:03:58'),(310,137,2292,'Solicitud creada por el jefe/admin: gtorres','2025-12-10 16:03:58'),(311,138,2255,'Solicitud creada en estado \'draft\'.','2025-12-10 16:04:35'),(312,137,2292,'Enviado individualmente a RRHH (con sustento).','2025-12-10 16:05:58'),(313,139,2318,'Solicitud creada en estado \'draft\'.','2025-12-10 16:08:41'),(314,106,2474,'Solicitud editada. Nuevas fechas: 2026-01-15 por 15 días.','2025-12-10 16:13:06'),(315,136,2256,'Enviado individualmente a RRHH (con sustento).','2025-12-10 16:54:58'),(316,138,2256,'Enviado individualmente a RRHH (con sustento).','2025-12-10 16:55:15'),(317,125,2256,'Enviado individualmente a RRHH (con sustento).','2025-12-10 16:55:24'),(318,140,2259,'Solicitud creada en estado \'draft\'.','2025-12-10 17:19:25'),(319,141,2452,'Solicitud creada en estado \'draft\'.','2025-12-10 17:37:27'),(320,142,2452,'Solicitud creada en estado \'draft\'.','2025-12-10 17:38:40'),(321,143,2463,'Solicitud creada en estado \'draft\'.','2025-12-10 17:43:05'),(322,144,2463,'Solicitud creada en estado \'draft\'.','2025-12-10 17:43:41'),(323,145,2463,'Solicitud creada en estado \'draft\'.','2025-12-10 17:44:00'),(324,146,2276,'Solicitud creada en estado \'draft\'.','2025-12-10 17:44:04'),(325,147,2463,'Solicitud creada en estado \'draft\'.','2025-12-10 17:44:16'),(326,148,2243,'Solicitud creada en estado \'draft\'.','2025-12-10 17:54:26'),(327,148,2244,'Solicitud creada por el jefe/admin: elonga','2025-12-10 17:54:26'),(328,149,2232,'Solicitud creada en estado \'draft\'.','2025-12-10 19:17:15'),(329,150,2336,'Solicitud creada en estado \'draft\'.','2025-12-10 19:17:28'),(330,151,2454,'Solicitud creada en estado \'draft\'.','2025-12-10 19:17:58'),(331,152,2232,'Solicitud creada en estado \'draft\'.','2025-12-10 19:18:53'),(332,153,2454,'Solicitud creada en estado \'draft\'.','2025-12-10 19:19:46'),(333,154,2232,'Solicitud creada en estado \'draft\'.','2025-12-10 19:20:14'),(334,135,2319,'Enviado individualmente a RRHH (con sustento).','2025-12-10 19:23:25'),(335,148,2243,'Solicitud editada. Nuevas fechas: 2026-01-12 por 30 días.','2025-12-10 19:32:19'),(336,148,2244,'Enviado individualmente a RRHH (con sustento).','2025-12-10 19:32:35'),(337,116,2244,'Enviado individualmente a RRHH (con sustento).','2025-12-10 19:32:43'),(338,117,2244,'Enviado individualmente a RRHH (con sustento).','2025-12-10 19:32:46'),(339,118,2244,'Enviado individualmente a RRHH (con sustento).','2025-12-10 19:32:49'),(340,93,2244,'Enviado individualmente a RRHH (con sustento).','2025-12-10 19:32:52'),(341,120,2244,'Enviado individualmente a RRHH (con sustento).','2025-12-10 19:32:55'),(342,110,2244,'Enviado individualmente a RRHH (con sustento).','2025-12-10 19:32:58'),(343,112,2244,'Enviado individualmente a RRHH (con sustento).','2025-12-10 19:33:34'),(344,139,2319,'Enviado individualmente a RRHH (con sustento).','2025-12-10 19:34:28'),(345,155,2289,'Solicitud creada en estado \'draft\'.','2025-12-10 19:35:08'),(346,156,2364,'Solicitud creada en estado \'draft\'.','2025-12-10 19:36:12'),(347,157,2289,'Solicitud creada en estado \'draft\'.','2025-12-10 19:38:03'),(348,158,2341,'Solicitud creada en estado \'draft\'.','2025-12-10 19:40:11'),(349,159,2341,'Solicitud creada en estado \'draft\'.','2025-12-10 19:40:43'),(350,160,2341,'Solicitud creada en estado \'draft\'.','2025-12-10 19:41:30'),(351,161,2379,'Solicitud creada en estado \'draft\'.','2025-12-10 19:42:00'),(352,162,2341,'Solicitud creada en estado \'draft\'.','2025-12-10 19:42:07'),(353,158,2341,'Solicitud editada. Nuevas fechas: 2026-01-26 por 7 días.','2025-12-10 19:42:35'),(354,159,2341,'Solicitud editada. Nuevas fechas: 2026-05-11 por 8 días.','2025-12-10 19:42:54'),(355,80,2390,'Enviado individualmente a RRHH (con sustento).','2025-12-10 19:43:05'),(356,163,2379,'Solicitud creada en estado \'draft\'.','2025-12-10 19:43:18'),(357,76,2390,'Enviado individualmente a RRHH (con sustento).','2025-12-10 19:43:37'),(358,77,2390,'Enviado individualmente a RRHH (con sustento).','2025-12-10 19:43:55'),(359,164,2379,'Solicitud creada en estado \'draft\'.','2025-12-10 19:44:07'),(360,100,2360,'Enviado individualmente a RRHH (con sustento).','2025-12-10 19:44:40'),(361,95,2360,'Enviado individualmente a RRHH (con sustento).','2025-12-10 19:44:45'),(362,82,2360,'Enviado individualmente a RRHH (con sustento).','2025-12-10 19:44:51'),(363,156,2360,'Enviado individualmente a RRHH (con sustento).','2025-12-10 19:45:00'),(364,90,2360,'Enviado individualmente a RRHH (con sustento).','2025-12-10 19:45:04'),(365,161,2379,'Solicitud editada. Nuevas fechas: 2026-05-25 por 7 días.','2025-12-10 19:45:58'),(366,165,2400,'Solicitud creada en estado \'draft\'.','2025-12-10 19:52:23'),(367,166,2287,'Solicitud creada en estado \'draft\'.','2025-12-10 20:33:03'),(368,99,2264,'Enviado individualmente a RRHH (con sustento).','2025-12-10 20:40:26'),(369,97,2264,'Enviado individualmente a RRHH (con sustento).','2025-12-10 20:40:51'),(370,98,2264,'Enviado individualmente a RRHH (con sustento).','2025-12-10 20:40:59'),(371,101,2264,'Enviado individualmente a RRHH (con sustento).','2025-12-10 20:41:18'),(372,103,2264,'Enviado individualmente a RRHH (con sustento).','2025-12-10 20:41:26'),(373,92,2264,'Enviado individualmente a RRHH (con sustento).','2025-12-10 20:41:31'),(374,94,2264,'Enviado individualmente a RRHH (con sustento).','2025-12-10 20:41:35'),(375,167,2402,'Solicitud creada en estado \'draft\'.','2025-12-10 20:50:39'),(376,166,2288,'Enviado individualmente a RRHH (con sustento).','2025-12-10 20:57:19'),(377,168,2394,'Solicitud creada en estado \'draft\'.','2025-12-10 21:05:48'),(378,169,2394,'Solicitud creada en estado \'draft\'.','2025-12-10 21:06:18'),(379,72,2423,'Solicitud editada. Nuevas fechas: 2026-03-16 por 15 días.','2025-12-10 21:12:23'),(380,170,2237,'Solicitud creada en estado \'draft\'.','2025-12-10 21:47:49'),(381,171,2469,'Solicitud creada en estado \'draft\'.','2025-12-11 12:50:00'),(382,172,2469,'Solicitud creada en estado \'draft\'.','2025-12-11 12:51:10'),(383,173,2469,'Solicitud creada en estado \'draft\'.','2025-12-11 12:51:46'),(384,174,2486,'Solicitud creada en estado \'draft\'.','2025-12-11 13:07:34'),(385,175,2414,'Solicitud creada en estado \'draft\'.','2025-12-11 13:08:12'),(386,176,2432,'Solicitud creada en estado \'draft\'.','2025-12-11 13:09:37'),(387,176,2388,'Solicitud creada por el jefe/admin: llimachi','2025-12-11 13:09:37'),(388,177,2414,'Solicitud creada en estado \'draft\'.','2025-12-11 13:10:40'),(389,178,2433,'Solicitud creada en estado \'draft\'.','2025-12-11 13:10:42'),(390,178,2388,'Solicitud creada por el jefe/admin: llimachi','2025-12-11 13:10:42'),(391,179,2434,'Solicitud creada en estado \'draft\'.','2025-12-11 13:11:32'),(392,179,2388,'Solicitud creada por el jefe/admin: llimachi','2025-12-11 13:11:32'),(393,180,2435,'Solicitud creada en estado \'draft\'.','2025-12-11 13:11:55'),(394,180,2388,'Solicitud creada por el jefe/admin: llimachi','2025-12-11 13:11:55'),(395,181,2436,'Solicitud creada en estado \'draft\'.','2025-12-11 13:12:19'),(396,181,2388,'Solicitud creada por el jefe/admin: llimachi','2025-12-11 13:12:19'),(397,182,2437,'Solicitud creada en estado \'draft\'.','2025-12-11 13:12:51'),(398,182,2388,'Solicitud creada por el jefe/admin: llimachi','2025-12-11 13:12:51'),(399,183,2437,'Solicitud creada en estado \'draft\'.','2025-12-11 13:13:13'),(400,183,2388,'Solicitud creada por el jefe/admin: llimachi','2025-12-11 13:13:13'),(401,184,2438,'Solicitud creada en estado \'draft\'.','2025-12-11 13:14:26'),(402,184,2388,'Solicitud creada por el jefe/admin: llimachi','2025-12-11 13:14:26'),(403,185,2439,'Solicitud creada en estado \'draft\'.','2025-12-11 13:15:08'),(404,185,2388,'Solicitud creada por el jefe/admin: llimachi','2025-12-11 13:15:08'),(405,186,2440,'Solicitud creada en estado \'draft\'.','2025-12-11 13:15:38'),(406,186,2388,'Solicitud creada por el jefe/admin: llimachi','2025-12-11 13:15:38'),(407,187,2441,'Solicitud creada en estado \'draft\'.','2025-12-11 13:16:06'),(408,187,2388,'Solicitud creada por el jefe/admin: llimachi','2025-12-11 13:16:06'),(409,188,2231,'Solicitud creada en estado \'draft\'.','2025-12-11 13:16:49'),(410,189,2442,'Solicitud creada en estado \'draft\'.','2025-12-11 13:16:53'),(411,189,2388,'Solicitud creada por el jefe/admin: llimachi','2025-12-11 13:16:53'),(412,190,2442,'Solicitud creada en estado \'draft\'.','2025-12-11 13:17:16'),(413,190,2388,'Solicitud creada por el jefe/admin: llimachi','2025-12-11 13:17:16'),(414,191,2443,'Solicitud creada en estado \'draft\'.','2025-12-11 13:17:39'),(415,191,2388,'Solicitud creada por el jefe/admin: llimachi','2025-12-11 13:17:39'),(416,192,2444,'Solicitud creada en estado \'draft\'.','2025-12-11 13:18:27'),(417,192,2388,'Solicitud creada por el jefe/admin: llimachi','2025-12-11 13:18:27'),(418,193,2445,'Solicitud creada en estado \'draft\'.','2025-12-11 13:19:13'),(419,193,2388,'Solicitud creada por el jefe/admin: llimachi','2025-12-11 13:19:13'),(420,194,2231,'Solicitud creada en estado \'draft\'.','2025-12-11 13:19:38'),(421,195,2446,'Solicitud creada en estado \'draft\'.','2025-12-11 13:19:40'),(422,195,2388,'Solicitud creada por el jefe/admin: llimachi','2025-12-11 13:19:40'),(423,196,2447,'Solicitud creada en estado \'draft\'.','2025-12-11 13:21:58'),(424,196,2388,'Solicitud creada por el jefe/admin: llimachi','2025-12-11 13:21:58'),(425,197,2305,'Solicitud creada en estado \'draft\'.','2025-12-11 13:23:17'),(426,198,2305,'Solicitud creada en estado \'draft\'.','2025-12-11 13:23:43'),(427,199,2449,'Solicitud creada en estado \'draft\'.','2025-12-11 13:24:18'),(428,199,2388,'Solicitud creada por el jefe/admin: llimachi','2025-12-11 13:24:18'),(429,200,2449,'Solicitud creada en estado \'draft\'.','2025-12-11 13:26:12'),(430,200,2388,'Solicitud creada por el jefe/admin: llimachi','2025-12-11 13:26:12'),(431,201,2450,'Solicitud creada en estado \'draft\'.','2025-12-11 13:27:36'),(432,201,2388,'Solicitud creada por el jefe/admin: llimachi','2025-12-11 13:27:36'),(433,202,2347,'Solicitud creada en estado \'draft\'.','2025-12-11 13:46:05'),(434,203,2347,'Solicitud creada en estado \'draft\'.','2025-12-11 13:46:35'),(435,204,2347,'Solicitud creada en estado \'draft\'.','2025-12-11 13:46:57'),(436,205,2304,'Solicitud creada en estado \'draft\'.','2025-12-11 13:54:03'),(437,206,2304,'Solicitud creada en estado \'draft\'.','2025-12-11 13:54:38'),(438,207,2320,'Solicitud creada en estado \'draft\'.','2025-12-11 13:55:04'),(439,208,2304,'Solicitud creada en estado \'draft\'.','2025-12-11 13:55:06'),(440,209,2320,'Solicitud creada en estado \'draft\'.','2025-12-11 13:56:21'),(441,210,2295,'Solicitud creada en estado \'draft\'.','2025-12-11 14:01:33'),(442,211,2295,'Solicitud creada en estado \'draft\'.','2025-12-11 14:05:04'),(443,209,2321,'Solicitud editada. Nuevas fechas: 2027-01-06 por 15 días.','2025-12-11 14:07:32'),(444,212,2448,'Solicitud creada en estado \'draft\'.','2025-12-11 14:08:27'),(445,212,2388,'Solicitud creada por el jefe/admin: llimachi','2025-12-11 14:08:27'),(446,213,2389,'Solicitud creada en estado \'draft\'.','2025-12-11 14:08:48'),(447,213,2388,'Solicitud creada por el jefe/admin: llimachi','2025-12-11 14:08:48'),(448,214,2448,'Solicitud creada en estado \'draft\'.','2025-12-11 14:12:57'),(449,214,2388,'Solicitud creada por el jefe/admin: llimachi','2025-12-11 14:12:57'),(450,212,2388,'Solicitud editada. Nuevas fechas: 2026-07-07 por 15 días.','2025-12-11 14:13:30'),(451,146,2276,'Solicitud editada. Nuevas fechas: 2026-01-05 por 15 días.','2025-12-11 14:23:00'),(452,215,2285,'Solicitud creada en estado \'draft\'.','2025-12-11 14:25:26'),(453,215,2285,'Solicitud editada. Nuevas fechas: 2026-01-05 por 8 días.','2025-12-11 14:26:18'),(454,215,2286,'Enviado individualmente a RRHH (con sustento).','2025-12-11 14:29:44'),(455,216,2233,'Solicitud creada en estado \'draft\'.','2025-12-11 14:45:46'),(456,217,2339,'Solicitud creada en estado \'draft\'.','2025-12-11 14:50:44'),(457,218,2233,'Solicitud creada en estado \'draft\'.','2025-12-11 14:51:51'),(458,219,2376,'Solicitud creada en estado \'draft\'.','2025-12-11 14:53:44'),(459,220,2376,'Solicitud creada en estado \'draft\'.','2025-12-11 14:54:33'),(460,221,2376,'Solicitud creada en estado \'draft\'.','2025-12-11 14:55:06'),(461,222,2283,'Solicitud creada en estado \'draft\'.','2025-12-11 15:02:29'),(462,149,2232,'Solicitud editada. Nuevas fechas: 2026-06-01 por 7 días.','2025-12-11 15:03:28'),(463,154,2232,'Solicitud editada. Nuevas fechas: 2026-07-22 por 8 días.','2025-12-11 15:07:14'),(464,155,2289,'Solicitud editada. Nuevas fechas: 2026-01-15 por 15 días.','2025-12-11 15:11:03'),(465,223,2330,'Solicitud creada en estado \'draft\'.','2025-12-12 13:29:00'),(466,140,2260,'Enviado individualmente a RRHH (con sustento).','2025-12-12 13:32:58'),(467,224,2330,'Solicitud creada en estado \'draft\'.','2025-12-12 13:35:18'),(468,225,2241,'Solicitud creada en estado \'draft\'.','2025-12-12 13:36:08'),(469,226,2241,'Solicitud creada en estado \'draft\'.','2025-12-12 13:36:39'),(470,227,2353,'Solicitud creada en estado \'draft\'.','2025-12-12 13:37:06'),(471,228,2348,'Solicitud creada en estado \'draft\'.','2025-12-12 13:37:11'),(472,228,2349,'Solicitud creada por el jefe/admin: cherreram','2025-12-12 13:37:11'),(473,229,2241,'Solicitud creada en estado \'draft\'.','2025-12-12 13:39:34');
/*!40000 ALTER TABLE `vacation_logs` ENABLE KEYS */;
UNLOCK TABLES;

--
-- Table structure for table `vacation_periods`
--

DROP TABLE IF EXISTS `vacation_periods`;
/*!40101 SET @saved_cs_client     = @@character_set_client */;
/*!50503 SET character_set_client = utf8mb4 */;
CREATE TABLE `vacation_periods` (
  `id` int NOT NULL AUTO_INCREMENT,
  `user_id` int DEFAULT NULL,
  `start_date` date NOT NULL,
  `end_date` date NOT NULL,
  `days` int NOT NULL,
  `type_period` int NOT NULL,
  `status` varchar(30) DEFAULT NULL,
  `attached_file` varchar(255) DEFAULT NULL,
  `created_at` datetime DEFAULT NULL,
  `consolidated_doc_path` varchar(255) DEFAULT NULL,
  `manager_individual_doc_path` varchar(255) DEFAULT NULL,
  PRIMARY KEY (`id`),
  KEY `user_id` (`user_id`),
  CONSTRAINT `vacation_periods_ibfk_1` FOREIGN KEY (`user_id`) REFERENCES `users` (`id`)
) ENGINE=InnoDB AUTO_INCREMENT=230 DEFAULT CHARSET=utf8mb4 COLLATE=utf8mb4_general_ci;
/*!40101 SET character_set_client = @saved_cs_client */;

--
-- Dumping data for table `vacation_periods`
--

LOCK TABLES `vacation_periods` WRITE;
/*!40000 ALTER TABLE `vacation_periods` DISABLE KEYS */;
INSERT INTO `vacation_periods` VALUES (72,2423,'2026-03-16','2026-03-30',15,15,'draft',NULL,'2025-12-05 21:25:40',NULL,NULL),(73,2428,'2026-06-02','2026-06-16',15,15,'draft',NULL,'2025-12-06 21:00:12',NULL,NULL),(74,2428,'2026-12-15','2026-12-29',15,15,'draft',NULL,'2025-12-06 21:00:46',NULL,NULL),(75,2497,'2026-01-05','2026-01-12',8,8,'draft',NULL,'2025-12-07 14:10:51',NULL,NULL),(76,2393,'2026-01-12','2026-01-26',15,15,'pending_hr',NULL,'2025-12-10 04:30:38',NULL,NULL),(77,2393,'2026-07-15','2026-07-29',15,15,'pending_hr',NULL,'2025-12-10 04:33:59',NULL,NULL),(78,2270,'2026-01-12','2026-01-26',15,15,'draft',NULL,'2025-12-10 13:04:59',NULL,NULL),(79,2358,'2026-01-05','2026-01-19',15,15,'draft',NULL,'2025-12-10 13:16:51',NULL,NULL),(80,2392,'2026-01-02','2026-01-31',30,30,'pending_hr',NULL,'2025-12-10 13:23:50',NULL,NULL),(81,2455,'2026-02-02','2026-03-03',30,30,'draft',NULL,'2025-12-10 13:27:31',NULL,NULL),(82,2363,'2026-01-05','2026-01-19',15,15,'pending_hr',NULL,'2025-12-10 13:27:50',NULL,NULL),(83,2462,'2026-01-26','2026-02-01',7,7,'draft',NULL,'2025-12-10 13:28:00',NULL,NULL),(84,2430,'2026-01-21','2026-02-04',15,15,'draft',NULL,'2025-12-10 13:29:31',NULL,NULL),(85,2430,'2026-04-01','2026-04-15',15,15,'draft',NULL,'2025-12-10 13:30:10',NULL,NULL),(86,2462,'2026-09-28','2026-10-05',8,8,'draft',NULL,'2025-12-10 13:32:48',NULL,NULL),(87,2497,'2026-04-13','2026-04-27',15,15,'draft',NULL,'2025-12-10 13:35:18',NULL,NULL),(88,2324,'2026-01-05','2026-01-19',15,15,'draft',NULL,'2025-12-10 13:42:35',NULL,NULL),(89,2462,'2026-11-19','2026-12-03',15,15,'draft',NULL,'2025-12-10 13:43:38',NULL,NULL),(90,2365,'2026-01-19','2026-02-02',15,15,'pending_hr',NULL,'2025-12-10 13:44:02',NULL,NULL),(91,2272,'2026-01-12','2026-01-26',15,15,'draft',NULL,'2025-12-10 13:44:23',NULL,NULL),(92,2357,'2026-01-15','2026-01-29',15,15,'pending_hr',NULL,'2025-12-10 13:45:55',NULL,NULL),(93,2246,'2026-01-05','2026-02-03',30,30,'pending_hr',NULL,'2025-12-10 13:48:17',NULL,NULL),(94,2357,'2026-07-07','2026-07-21',15,15,'pending_hr',NULL,'2025-12-10 13:48:36',NULL,NULL),(95,2362,'2026-01-05','2026-01-19',15,15,'pending_hr',NULL,'2025-12-10 13:49:17',NULL,NULL),(96,2361,'2026-01-15','2026-01-29',15,15,'pending_hr',NULL,'2025-12-10 13:51:08',NULL,NULL),(97,2265,'2026-01-05','2026-01-19',15,15,'pending_hr',NULL,'2025-12-10 13:56:45',NULL,NULL),(98,2265,'2026-07-01','2026-07-15',15,15,'pending_hr',NULL,'2025-12-10 13:58:13',NULL,NULL),(99,2263,'2026-01-02','2026-01-31',30,30,'pending_hr',NULL,'2025-12-10 14:03:48',NULL,NULL),(100,2359,'2026-01-05','2026-01-19',15,15,'pending_hr',NULL,'2025-12-10 14:05:18',NULL,NULL),(101,2356,'2026-01-15','2026-01-29',15,15,'pending_hr',NULL,'2025-12-10 14:05:49',NULL,NULL),(102,2322,'2026-01-02','2026-01-31',30,30,'draft',NULL,'2025-12-10 14:07:06',NULL,NULL),(103,2356,'2026-07-09','2026-07-23',15,15,'pending_hr',NULL,'2025-12-10 14:08:25',NULL,NULL),(104,2408,'2026-03-02','2026-03-16',15,15,'draft',NULL,'2025-12-10 14:17:27',NULL,NULL),(105,2408,'2026-08-17','2026-08-31',15,15,'draft',NULL,'2025-12-10 14:17:49',NULL,NULL),(106,2474,'2026-01-15','2026-01-29',15,15,'draft','kzavalla_20251210142052_37 - CRONOGRAMA DE VACACIONES.docx','2025-12-10 14:20:53',NULL,NULL),(107,2405,'2026-02-16','2026-03-02',15,15,'draft',NULL,'2025-12-10 14:21:55',NULL,NULL),(108,2405,'2026-07-30','2026-08-13',15,15,'draft',NULL,'2025-12-10 14:22:24',NULL,NULL),(109,2407,'2026-01-05','2026-01-19',15,15,'draft',NULL,'2025-12-10 14:28:21',NULL,NULL),(110,2248,'2026-01-05','2026-01-19',15,15,'pending_hr',NULL,'2025-12-10 14:30:44',NULL,NULL),(111,2407,'2026-07-01','2026-07-15',15,15,'draft',NULL,'2025-12-10 14:30:47',NULL,NULL),(112,2248,'2026-07-20','2026-08-03',15,15,'pending_hr',NULL,'2025-12-10 14:33:56',NULL,NULL),(113,2371,'2026-01-05','2026-02-03',30,30,'draft',NULL,'2025-12-10 14:39:34',NULL,NULL),(114,2421,'2026-01-05','2026-01-19',15,15,'draft',NULL,'2025-12-10 15:03:22',NULL,NULL),(115,2421,'2026-06-08','2026-06-22',15,15,'draft',NULL,'2025-12-10 15:04:10',NULL,NULL),(116,2245,'2026-01-19','2026-02-02',15,15,'pending_hr',NULL,'2025-12-10 15:05:18',NULL,NULL),(117,2245,'2026-07-16','2026-07-23',8,8,'pending_hr',NULL,'2025-12-10 15:06:19',NULL,NULL),(118,2245,'2026-12-23','2026-12-29',7,7,'pending_hr',NULL,'2025-12-10 15:06:56',NULL,NULL),(119,2229,'2026-01-05','2026-01-19',15,15,'draft',NULL,'2025-12-10 15:08:36',NULL,NULL),(120,2247,'2026-01-02','2026-01-31',30,30,'pending_hr',NULL,'2025-12-10 15:15:00',NULL,NULL),(121,2384,'2026-12-07','2027-01-05',30,30,'draft',NULL,'2025-12-10 15:17:45',NULL,NULL),(122,2406,'2026-01-02','2026-01-31',30,30,'draft',NULL,'2025-12-10 15:21:12',NULL,NULL),(123,2229,'2026-07-20','2026-08-03',15,15,'draft',NULL,'2025-12-10 15:24:46',NULL,NULL),(124,2268,'2026-01-02','2026-01-31',30,30,'pending_hr',NULL,'2025-12-10 15:39:49',NULL,NULL),(125,2314,'2026-01-02','2026-01-31',30,30,'pending_hr',NULL,'2025-12-10 15:48:31',NULL,NULL),(126,2346,'2026-01-15','2026-01-29',15,15,'draft',NULL,'2025-12-10 15:49:08',NULL,NULL),(127,2242,'2026-01-19','2026-02-02',15,15,'draft',NULL,'2025-12-10 15:49:15',NULL,NULL),(128,2420,'2026-01-05','2026-01-19',15,15,'draft',NULL,'2025-12-10 15:50:03',NULL,NULL),(129,2242,'2026-07-13','2026-07-19',7,7,'draft',NULL,'2025-12-10 15:50:09',NULL,NULL),(130,2420,'2026-07-01','2026-07-15',15,15,'draft',NULL,'2025-12-10 15:51:45',NULL,NULL),(131,2418,'2026-04-06','2026-04-20',15,15,'draft',NULL,'2025-12-10 15:52:41',NULL,NULL),(132,2418,'2026-08-03','2026-08-17',15,15,'draft',NULL,'2025-12-10 15:53:35',NULL,NULL),(133,2346,'2026-07-09','2026-07-23',15,15,'draft',NULL,'2025-12-10 15:54:09',NULL,NULL),(134,2242,'2026-12-10','2026-12-17',8,8,'draft',NULL,'2025-12-10 15:56:30',NULL,NULL),(135,2318,'2026-01-05','2026-01-19',15,15,'pending_hr',NULL,'2025-12-10 16:03:23',NULL,NULL),(136,2255,'2026-01-15','2026-01-29',15,15,'pending_hr',NULL,'2025-12-10 16:03:43',NULL,NULL),(137,2291,'2026-01-02','2026-01-31',30,30,'pending_hr',NULL,'2025-12-10 16:03:58',NULL,NULL),(138,2255,'2026-07-16','2026-07-30',15,15,'pending_hr',NULL,'2025-12-10 16:04:35',NULL,NULL),(139,2318,'2026-07-02','2026-07-16',15,15,'pending_hr',NULL,'2025-12-10 16:08:41',NULL,NULL),(140,2259,'2026-01-19','2026-01-26',8,8,'pending_hr',NULL,'2025-12-10 17:19:25',NULL,NULL),(141,2452,'2026-02-16','2026-03-02',15,15,'draft',NULL,'2025-12-10 17:37:27',NULL,NULL),(142,2452,'2026-08-17','2026-08-31',15,15,'draft',NULL,'2025-12-10 17:38:40',NULL,NULL),(143,2463,'2026-01-26','2026-02-01',7,7,'draft',NULL,'2025-12-10 17:43:05',NULL,NULL),(144,2463,'2026-05-11','2026-05-18',8,8,'draft',NULL,'2025-12-10 17:43:41',NULL,NULL),(145,2463,'2026-07-20','2026-07-26',7,7,'draft',NULL,'2025-12-10 17:44:00',NULL,NULL),(146,2276,'2026-01-05','2026-01-19',15,15,'draft',NULL,'2025-12-10 17:44:04',NULL,NULL),(147,2463,'2026-10-05','2026-10-12',8,8,'draft',NULL,'2025-12-10 17:44:16',NULL,NULL),(148,2243,'2026-01-12','2026-02-10',30,30,'pending_hr',NULL,'2025-12-10 17:54:26',NULL,NULL),(149,2232,'2026-06-01','2026-06-07',7,7,'draft',NULL,'2025-12-10 19:17:15',NULL,NULL),(150,2336,'2026-01-19','2026-02-02',15,15,'draft',NULL,'2025-12-10 19:17:28',NULL,NULL),(151,2454,'2026-03-02','2026-03-16',15,15,'draft',NULL,'2025-12-10 19:17:58',NULL,NULL),(152,2232,'2026-07-01','2026-07-15',15,15,'draft',NULL,'2025-12-10 19:18:53',NULL,NULL),(153,2454,'2026-11-03','2026-11-17',15,15,'draft',NULL,'2025-12-10 19:19:46',NULL,NULL),(154,2232,'2026-07-22','2026-07-29',8,8,'draft',NULL,'2025-12-10 19:20:14',NULL,NULL),(155,2289,'2026-01-15','2026-01-29',15,15,'draft',NULL,'2025-12-10 19:35:08',NULL,NULL),(156,2364,'2026-01-05','2026-01-19',15,15,'pending_hr',NULL,'2025-12-10 19:36:12',NULL,NULL),(157,2289,'2026-07-14','2026-07-21',8,8,'draft',NULL,'2025-12-10 19:38:03',NULL,NULL),(158,2341,'2026-01-26','2026-02-01',7,7,'draft',NULL,'2025-12-10 19:40:11',NULL,NULL),(159,2341,'2026-05-11','2026-05-18',8,8,'draft',NULL,'2025-12-10 19:40:43',NULL,NULL),(160,2341,'2026-07-20','2026-07-26',7,7,'draft',NULL,'2025-12-10 19:41:30',NULL,NULL),(161,2379,'2026-05-25','2026-05-31',7,7,'draft',NULL,'2025-12-10 19:42:00',NULL,NULL),(162,2341,'2026-10-05','2026-10-12',8,8,'draft',NULL,'2025-12-10 19:42:07',NULL,NULL),(163,2379,'2026-07-27','2026-08-10',15,15,'draft',NULL,'2025-12-10 19:43:18',NULL,NULL),(164,2379,'2026-10-12','2026-10-19',8,8,'draft',NULL,'2025-12-10 19:44:07',NULL,NULL),(165,2400,'2026-06-30','2026-07-29',30,30,'draft',NULL,'2025-12-10 19:52:23',NULL,NULL),(166,2287,'2026-01-12','2026-01-26',15,15,'pending_hr',NULL,'2025-12-10 20:33:03',NULL,NULL),(167,2402,'2026-01-05','2026-01-19',15,15,'draft',NULL,'2025-12-10 20:50:39',NULL,NULL),(168,2394,'2026-02-10','2026-02-24',15,15,'draft',NULL,'2025-12-10 21:05:48',NULL,NULL),(169,2394,'2026-11-16','2026-11-30',15,15,'draft',NULL,'2025-12-10 21:06:18',NULL,NULL),(170,2237,'2026-01-05','2026-01-19',15,15,'draft',NULL,'2025-12-10 21:47:49',NULL,NULL),(171,2469,'2026-03-02','2026-03-16',15,15,'draft',NULL,'2025-12-11 12:50:00',NULL,NULL),(172,2469,'2026-07-31','2026-08-06',7,7,'draft',NULL,'2025-12-11 12:51:10',NULL,NULL),(173,2469,'2026-11-26','2026-12-03',8,8,'draft',NULL,'2025-12-11 12:51:46',NULL,NULL),(174,2486,'2026-07-01','2026-07-30',30,30,'draft',NULL,'2025-12-11 13:07:34',NULL,NULL),(175,2414,'2026-01-26','2026-02-09',15,15,'draft',NULL,'2025-12-11 13:08:12',NULL,NULL),(176,2432,'2026-06-01','2026-06-30',30,30,'draft',NULL,'2025-12-11 13:09:37',NULL,NULL),(177,2414,'2026-07-09','2026-07-23',15,15,'draft',NULL,'2025-12-11 13:10:40',NULL,NULL),(178,2433,'2026-03-02','2026-03-31',30,30,'draft',NULL,'2025-12-11 13:10:42',NULL,NULL),(179,2434,'2026-04-13','2026-05-12',30,30,'draft',NULL,'2025-12-11 13:11:32',NULL,NULL),(180,2435,'2026-02-02','2026-03-03',30,30,'draft',NULL,'2025-12-11 13:11:55',NULL,NULL),(181,2436,'2026-02-16','2026-03-17',30,30,'draft',NULL,'2025-12-11 13:12:19',NULL,NULL),(182,2437,'2026-03-02','2026-03-16',15,15,'draft',NULL,'2025-12-11 13:12:51',NULL,NULL),(183,2437,'2026-08-17','2026-08-31',15,15,'draft',NULL,'2025-12-11 13:13:13',NULL,NULL),(184,2438,'2026-03-31','2026-04-29',30,30,'draft',NULL,'2025-12-11 13:14:26',NULL,NULL),(185,2439,'2026-04-13','2026-05-12',30,30,'draft',NULL,'2025-12-11 13:15:08',NULL,NULL),(186,2440,'2026-12-01','2026-12-30',30,30,'draft',NULL,'2025-12-11 13:15:38',NULL,NULL),(187,2441,'2026-02-02','2026-03-03',30,30,'draft',NULL,'2025-12-11 13:16:06',NULL,NULL),(188,2231,'2026-01-15','2026-01-29',15,15,'draft',NULL,'2025-12-11 13:16:49',NULL,NULL),(189,2442,'2026-06-01','2026-06-15',15,15,'draft',NULL,'2025-12-11 13:16:53',NULL,NULL),(190,2442,'2026-08-03','2026-08-17',15,15,'draft',NULL,'2025-12-11 13:17:16',NULL,NULL),(191,2443,'2026-12-01','2026-12-30',30,30,'draft',NULL,'2025-12-11 13:17:39',NULL,NULL),(192,2444,'2026-09-30','2026-10-29',30,30,'draft',NULL,'2025-12-11 13:18:27',NULL,NULL),(193,2445,'2026-08-03','2026-09-01',30,30,'draft',NULL,'2025-12-11 13:19:13',NULL,NULL),(194,2231,'2026-07-09','2026-07-23',15,15,'draft',NULL,'2025-12-11 13:19:38',NULL,NULL),(195,2446,'2026-11-04','2026-12-03',30,30,'draft',NULL,'2025-12-11 13:19:40',NULL,NULL),(196,2447,'2026-08-03','2026-09-01',30,30,'draft',NULL,'2025-12-11 13:21:58',NULL,NULL),(197,2305,'2026-01-12','2026-01-26',15,15,'draft',NULL,'2025-12-11 13:23:17',NULL,NULL),(198,2305,'2026-08-10','2026-08-24',15,15,'draft',NULL,'2025-12-11 13:23:43',NULL,NULL),(199,2449,'2026-03-02','2026-03-16',15,15,'draft',NULL,'2025-12-11 13:24:18',NULL,NULL),(200,2449,'2026-09-14','2026-09-28',15,15,'draft',NULL,'2025-12-11 13:26:12',NULL,NULL),(201,2450,'2026-03-02','2026-03-31',30,30,'draft',NULL,'2025-12-11 13:27:36',NULL,NULL),(202,2347,'2026-02-23','2026-03-02',8,8,'draft',NULL,'2025-12-11 13:46:05',NULL,NULL),(203,2347,'2026-09-14','2026-09-20',7,7,'draft',NULL,'2025-12-11 13:46:35',NULL,NULL),(204,2347,'2026-12-28','2027-01-11',15,15,'draft',NULL,'2025-12-11 13:46:57',NULL,NULL),(205,2304,'2026-02-17','2026-03-03',15,15,'draft',NULL,'2025-12-11 13:54:03',NULL,NULL),(206,2304,'2026-07-15','2026-07-21',7,7,'draft',NULL,'2025-12-11 13:54:38',NULL,NULL),(207,2320,'2026-07-07','2026-07-21',15,15,'draft',NULL,'2025-12-11 13:55:04',NULL,NULL),(208,2304,'2026-08-24','2026-08-31',8,8,'draft',NULL,'2025-12-11 13:55:06',NULL,NULL),(209,2320,'2027-01-06','2027-01-20',15,15,'draft',NULL,'2025-12-11 13:56:21',NULL,NULL),(210,2295,'2026-01-19','2026-02-02',15,15,'draft',NULL,'2025-12-11 14:01:33',NULL,NULL),(211,2295,'2026-07-07','2026-07-21',15,15,'draft',NULL,'2025-12-11 14:05:04',NULL,NULL),(212,2448,'2026-07-07','2026-07-21',15,15,'draft',NULL,'2025-12-11 14:08:27',NULL,NULL),(213,2389,'2026-11-09','2026-11-23',15,15,'draft',NULL,'2025-12-11 14:08:48',NULL,NULL),(214,2448,'2026-11-09','2026-11-23',15,15,'draft',NULL,'2025-12-11 14:12:57',NULL,NULL),(215,2285,'2026-01-05','2026-01-12',8,8,'pending_hr',NULL,'2025-12-11 14:25:26',NULL,NULL),(216,2233,'2026-01-12','2026-01-26',15,15,'draft',NULL,'2025-12-11 14:45:46',NULL,NULL),(217,2339,'2026-01-05','2026-01-19',15,15,'draft',NULL,'2025-12-11 14:50:44',NULL,NULL),(218,2233,'2026-07-09','2026-07-23',15,15,'draft',NULL,'2025-12-11 14:51:51',NULL,NULL),(219,2376,'2026-02-23','2026-03-09',15,15,'draft',NULL,'2025-12-11 14:53:44',NULL,NULL),(220,2376,'2026-05-25','2026-06-01',8,8,'draft',NULL,'2025-12-11 14:54:33',NULL,NULL),(221,2376,'2026-09-21','2026-09-27',7,7,'draft',NULL,'2025-12-11 14:55:06',NULL,NULL),(222,2283,'2026-01-02','2026-01-31',30,30,'draft',NULL,'2025-12-11 15:02:29',NULL,NULL),(223,2330,'2026-01-15','2026-01-29',15,15,'draft',NULL,'2025-12-12 13:29:00',NULL,NULL),(224,2330,'2026-07-15','2026-07-29',15,15,'draft',NULL,'2025-12-12 13:35:18',NULL,NULL),(225,2241,'2026-01-19','2026-02-02',15,15,'draft',NULL,'2025-12-12 13:36:08',NULL,NULL),(226,2241,'2026-08-03','2026-08-09',7,7,'draft',NULL,'2025-12-12 13:36:39',NULL,NULL),(227,2353,'2026-01-02','2026-01-31',30,30,'draft',NULL,'2025-12-12 13:37:06',NULL,NULL),(228,2348,'2026-01-05','2026-02-03',30,30,'draft',NULL,'2025-12-12 13:37:11',NULL,NULL),(229,2241,'2026-12-15','2026-12-22',8,8,'draft',NULL,'2025-12-12 13:39:34',NULL,NULL);
/*!40000 ALTER TABLE `vacation_periods` ENABLE KEYS */;
UNLOCK TABLES;

--
-- Table structure for table `vacation_policies`
--

DROP TABLE IF EXISTS `vacation_policies`;
/*!40101 SET @saved_cs_client     = @@character_set_client */;
/*!50503 SET character_set_client = utf8mb4 */;
CREATE TABLE `vacation_policies` (
  `id` int NOT NULL AUTO_INCREMENT,
  `name` varchar(100) NOT NULL,
  `allowed_months` varchar(50) NOT NULL,
  PRIMARY KEY (`id`),
  UNIQUE KEY `name` (`name`),
  KEY `ix_vacation_policies_id` (`id`)
) ENGINE=InnoDB AUTO_INCREMENT=2 DEFAULT CHARSET=utf8mb4 COLLATE=utf8mb4_general_ci;
/*!40101 SET character_set_client = @saved_cs_client */;

--
-- Dumping data for table `vacation_policies`
--

LOCK TABLES `vacation_policies` WRITE;
/*!40000 ALTER TABLE `vacation_policies` DISABLE KEYS */;
INSERT INTO `vacation_policies` VALUES (1,'REGIMEN DE ATENCION DOCENTE','1,7');
/*!40000 ALTER TABLE `vacation_policies` ENABLE KEYS */;
UNLOCK TABLES;
/*!40103 SET TIME_ZONE=@OLD_TIME_ZONE */;

/*!40101 SET SQL_MODE=@OLD_SQL_MODE */;
/*!40014 SET FOREIGN_KEY_CHECKS=@OLD_FOREIGN_KEY_CHECKS */;
/*!40014 SET UNIQUE_CHECKS=@OLD_UNIQUE_CHECKS */;
/*!40101 SET CHARACTER_SET_CLIENT=@OLD_CHARACTER_SET_CLIENT */;
/*!40101 SET CHARACTER_SET_RESULTS=@OLD_CHARACTER_SET_RESULTS */;
/*!40101 SET COLLATION_CONNECTION=@OLD_COLLATION_CONNECTION */;
/*!40111 SET SQL_NOTES=@OLD_SQL_NOTES */;

-- Dump completed on 2025-12-12 13:40:21
